UserId,ArticleTag,Score
1,PARENTS,3
2,PARENTS,6
3,PARENTS,2
4,PARENTS,0
5,PARENTS,2
6,PARENTS,6
7,PARENTS,5
8,PARENTS,9
9,PARENTS,2
10,PARENTS,2
11,PARENTS,9
12,PARENTS,2
13,PARENTS,4
14,PARENTS,9
15,PARENTS,4
16,PARENTS,2
17,PARENTS,6
18,PARENTS,1
19,PARENTS,3
20,PARENTS,6
21,PARENTS,1
22,PARENTS,8
23,PARENTS,6
24,PARENTS,7
25,PARENTS,3
26,PARENTS,0
27,PARENTS,5
28,PARENTS,4
29,PARENTS,3
30,PARENTS,6
31,PARENTS,7
32,PARENTS,0
33,PARENTS,8
34,PARENTS,8
35,PARENTS,4
36,PARENTS,3
37,PARENTS,4
38,PARENTS,0
39,PARENTS,6
40,PARENTS,0
41,PARENTS,4
42,PARENTS,3
43,PARENTS,2
44,PARENTS,0
45,PARENTS,2
46,PARENTS,0
47,PARENTS,0
48,PARENTS,1
49,PARENTS,8
50,PARENTS,2
51,PARENTS,3
52,PARENTS,5
53,PARENTS,6
54,PARENTS,2
55,PARENTS,3
56,PARENTS,5
57,PARENTS,1
58,PARENTS,1
59,PARENTS,8
60,PARENTS,1
61,PARENTS,6
62,PARENTS,5
63,PARENTS,7
64,PARENTS,5
65,PARENTS,4
66,PARENTS,4
67,PARENTS,8
68,PARENTS,9
69,PARENTS,9
70,PARENTS,8
71,PARENTS,4
72,PARENTS,4
73,PARENTS,1
74,PARENTS,5
75,PARENTS,7
76,PARENTS,1
77,PARENTS,7
78,PARENTS,8
79,PARENTS,8
80,PARENTS,7
81,PARENTS,7
82,PARENTS,5
83,PARENTS,6
84,PARENTS,7
85,PARENTS,4
86,PARENTS,5
87,PARENTS,5
88,PARENTS,2
89,PARENTS,2
90,PARENTS,9
91,PARENTS,1
92,PARENTS,6
93,PARENTS,6
94,PARENTS,8
95,PARENTS,9
96,PARENTS,4
97,PARENTS,7
98,PARENTS,7
99,PARENTS,6
1,SCIENCE,8
2,SCIENCE,5
3,SCIENCE,0
4,SCIENCE,9
5,SCIENCE,11
6,SCIENCE,0
7,SCIENCE,9
8,SCIENCE,4
9,SCIENCE,4
10,SCIENCE,1
11,SCIENCE,3
12,SCIENCE,2
13,SCIENCE,1
14,SCIENCE,3
15,SCIENCE,9
16,SCIENCE,7
17,SCIENCE,7
18,SCIENCE,8
19,SCIENCE,6
20,SCIENCE,4
21,SCIENCE,3
22,SCIENCE,0
23,SCIENCE,9
24,SCIENCE,7
25,SCIENCE,1
26,SCIENCE,2
27,SCIENCE,4
28,SCIENCE,1
29,SCIENCE,5
30,SCIENCE,3
31,SCIENCE,0
32,SCIENCE,5
33,SCIENCE,8
34,SCIENCE,2
35,SCIENCE,6
36,SCIENCE,5
37,SCIENCE,1
38,SCIENCE,5
39,SCIENCE,4
40,SCIENCE,2
41,SCIENCE,8
42,SCIENCE,7
43,SCIENCE,9
44,SCIENCE,2
45,SCIENCE,7
46,SCIENCE,3
47,SCIENCE,5
48,SCIENCE,8
49,SCIENCE,8
50,SCIENCE,1
51,SCIENCE,9
52,SCIENCE,7
53,SCIENCE,4
54,SCIENCE,1
55,SCIENCE,7
56,SCIENCE,3
57,SCIENCE,9
58,SCIENCE,2
59,SCIENCE,8
60,SCIENCE,7
61,SCIENCE,0
62,SCIENCE,8
63,SCIENCE,1
64,SCIENCE,2
65,SCIENCE,5
66,SCIENCE,5
67,SCIENCE,0
68,SCIENCE,4
69,SCIENCE,1
70,SCIENCE,5
71,SCIENCE,6
72,SCIENCE,7
73,SCIENCE,4
74,SCIENCE,4
75,SCIENCE,0
76,SCIENCE,7
77,SCIENCE,6
78,SCIENCE,3
79,SCIENCE,1
80,SCIENCE,9
81,SCIENCE,5
82,SCIENCE,5
83,SCIENCE,8
84,SCIENCE,1
85,SCIENCE,6
86,SCIENCE,8
87,SCIENCE,3
88,SCIENCE,4
89,SCIENCE,1
90,SCIENCE,4
91,SCIENCE,6
92,SCIENCE,3
93,SCIENCE,3
94,SCIENCE,7
95,SCIENCE,6
96,SCIENCE,1
97,SCIENCE,2
98,SCIENCE,4
99,SCIENCE,8
1,TRAVEL,7
2,TRAVEL,5
3,TRAVEL,0
4,TRAVEL,5
5,TRAVEL,6
6,TRAVEL,8
7,TRAVEL,0
8,TRAVEL,1
9,TRAVEL,1
10,TRAVEL,6
11,TRAVEL,2
12,TRAVEL,8
13,TRAVEL,1
14,TRAVEL,7
15,TRAVEL,1
16,TRAVEL,1
17,TRAVEL,6
18,TRAVEL,1
19,TRAVEL,7
20,TRAVEL,2
21,TRAVEL,8
22,TRAVEL,5
23,TRAVEL,4
24,TRAVEL,0
25,TRAVEL,5
26,TRAVEL,1
27,TRAVEL,4
28,TRAVEL,3
29,TRAVEL,4
30,TRAVEL,2
31,TRAVEL,8
32,TRAVEL,6
33,TRAVEL,0
34,TRAVEL,2
35,TRAVEL,0
36,TRAVEL,9
37,TRAVEL,6
38,TRAVEL,3
39,TRAVEL,0
40,TRAVEL,4
41,TRAVEL,5
42,TRAVEL,5
43,TRAVEL,1
44,TRAVEL,7
45,TRAVEL,2
46,TRAVEL,2
47,TRAVEL,4
48,TRAVEL,0
49,TRAVEL,4
50,TRAVEL,4
51,TRAVEL,4
52,TRAVEL,0
53,TRAVEL,6
54,TRAVEL,9
55,TRAVEL,7
56,TRAVEL,8
57,TRAVEL,2
58,TRAVEL,9
59,TRAVEL,2
60,TRAVEL,1
61,TRAVEL,7
62,TRAVEL,2
63,TRAVEL,4
64,TRAVEL,5
65,TRAVEL,9
66,TRAVEL,4
67,TRAVEL,5
68,TRAVEL,2
69,TRAVEL,3
70,TRAVEL,3
71,TRAVEL,9
72,TRAVEL,5
73,TRAVEL,6
74,TRAVEL,5
75,TRAVEL,4
76,TRAVEL,3
77,TRAVEL,4
78,TRAVEL,9
79,TRAVEL,2
80,TRAVEL,9
81,TRAVEL,4
82,TRAVEL,7
83,TRAVEL,2
84,TRAVEL,0
85,TRAVEL,0
86,TRAVEL,3
87,TRAVEL,0
88,TRAVEL,1
89,TRAVEL,4
90,TRAVEL,6
91,TRAVEL,3
92,TRAVEL,1
93,TRAVEL,4
94,TRAVEL,7
95,TRAVEL,8
96,TRAVEL,3
97,TRAVEL,2
98,TRAVEL,3
99,TRAVEL,8
1,COMEDY,9
2,COMEDY,1
3,COMEDY,1
4,COMEDY,3
5,COMEDY,0
6,COMEDY,1
7,COMEDY,3
8,COMEDY,1
9,COMEDY,4
10,COMEDY,0
11,COMEDY,4
12,COMEDY,3
13,COMEDY,0
14,COMEDY,3
15,COMEDY,0
16,COMEDY,8
17,COMEDY,2
18,COMEDY,0
19,COMEDY,3
20,COMEDY,4
21,COMEDY,8
22,COMEDY,2
23,COMEDY,6
24,COMEDY,3
25,COMEDY,4
26,COMEDY,5
27,COMEDY,8
28,COMEDY,7
29,COMEDY,4
30,COMEDY,6
31,COMEDY,4
32,COMEDY,4
33,COMEDY,5
34,COMEDY,0
35,COMEDY,7
36,COMEDY,5
37,COMEDY,6
38,COMEDY,5
39,COMEDY,9
40,COMEDY,2
41,COMEDY,2
42,COMEDY,9
43,COMEDY,1
44,COMEDY,5
45,COMEDY,4
46,COMEDY,2
47,COMEDY,7
48,COMEDY,1
49,COMEDY,7
50,COMEDY,7
51,COMEDY,9
52,COMEDY,1
53,COMEDY,2
54,COMEDY,1
55,COMEDY,6
56,COMEDY,9
57,COMEDY,6
58,COMEDY,2
59,COMEDY,4
60,COMEDY,9
61,COMEDY,8
62,COMEDY,6
63,COMEDY,6
64,COMEDY,7
65,COMEDY,7
66,COMEDY,7
67,COMEDY,6
68,COMEDY,7
69,COMEDY,8
70,COMEDY,6
71,COMEDY,9
72,COMEDY,0
73,COMEDY,1
74,COMEDY,9
75,COMEDY,0
76,COMEDY,4
77,COMEDY,3
78,COMEDY,3
79,COMEDY,0
80,COMEDY,6
81,COMEDY,8
82,COMEDY,6
83,COMEDY,5
84,COMEDY,3
85,COMEDY,8
86,COMEDY,1
87,COMEDY,0
88,COMEDY,9
89,COMEDY,7
90,COMEDY,3
91,COMEDY,1
92,COMEDY,4
93,COMEDY,0
94,COMEDY,5
95,COMEDY,4
96,COMEDY,6
97,COMEDY,7
98,COMEDY,4
99,COMEDY,7
1,BLACK VOICES,6
2,BLACK VOICES,9
3,BLACK VOICES,3
4,BLACK VOICES,7
5,BLACK VOICES,3
6,BLACK VOICES,5
7,BLACK VOICES,7
8,BLACK VOICES,3
9,BLACK VOICES,2
10,BLACK VOICES,5
11,BLACK VOICES,9
12,BLACK VOICES,7
13,BLACK VOICES,3
14,BLACK VOICES,9
15,BLACK VOICES,8
16,BLACK VOICES,0
17,BLACK VOICES,3
18,BLACK VOICES,7
19,BLACK VOICES,3
20,BLACK VOICES,6
21,BLACK VOICES,1
22,BLACK VOICES,6
23,BLACK VOICES,0
24,BLACK VOICES,7
25,BLACK VOICES,4
26,BLACK VOICES,9
27,BLACK VOICES,1
28,BLACK VOICES,4
29,BLACK VOICES,3
30,BLACK VOICES,4
31,BLACK VOICES,6
32,BLACK VOICES,9
33,BLACK VOICES,0
34,BLACK VOICES,2
35,BLACK VOICES,3
36,BLACK VOICES,0
37,BLACK VOICES,2
38,BLACK VOICES,2
39,BLACK VOICES,8
40,BLACK VOICES,6
41,BLACK VOICES,5
42,BLACK VOICES,7
43,BLACK VOICES,9
44,BLACK VOICES,8
45,BLACK VOICES,2
46,BLACK VOICES,7
47,BLACK VOICES,3
48,BLACK VOICES,6
49,BLACK VOICES,6
50,BLACK VOICES,2
51,BLACK VOICES,2
52,BLACK VOICES,5
53,BLACK VOICES,0
54,BLACK VOICES,4
55,BLACK VOICES,7
56,BLACK VOICES,0
57,BLACK VOICES,4
58,BLACK VOICES,8
59,BLACK VOICES,5
60,BLACK VOICES,8
61,BLACK VOICES,0
62,BLACK VOICES,2
63,BLACK VOICES,1
64,BLACK VOICES,2
65,BLACK VOICES,7
66,BLACK VOICES,7
67,BLACK VOICES,2
68,BLACK VOICES,6
69,BLACK VOICES,6
70,BLACK VOICES,4
71,BLACK VOICES,9
72,BLACK VOICES,6
73,BLACK VOICES,1
74,BLACK VOICES,6
75,BLACK VOICES,1
76,BLACK VOICES,3
77,BLACK VOICES,7
78,BLACK VOICES,5
79,BLACK VOICES,8
80,BLACK VOICES,7
81,BLACK VOICES,3
82,BLACK VOICES,6
83,BLACK VOICES,0
84,BLACK VOICES,6
85,BLACK VOICES,1
86,BLACK VOICES,5
87,BLACK VOICES,6
88,BLACK VOICES,9
89,BLACK VOICES,2
90,BLACK VOICES,1
91,BLACK VOICES,0
92,BLACK VOICES,2
93,BLACK VOICES,4
94,BLACK VOICES,4
95,BLACK VOICES,5
96,BLACK VOICES,9
97,BLACK VOICES,4
98,BLACK VOICES,8
99,BLACK VOICES,7
1,GOOD NEWS,0
2,GOOD NEWS,4
3,GOOD NEWS,2
4,GOOD NEWS,6
5,GOOD NEWS,1
6,GOOD NEWS,9
7,GOOD NEWS,6
8,GOOD NEWS,1
9,GOOD NEWS,3
10,GOOD NEWS,6
11,GOOD NEWS,3
12,GOOD NEWS,1
13,GOOD NEWS,4
14,GOOD NEWS,8
15,GOOD NEWS,3
16,GOOD NEWS,2
17,GOOD NEWS,8
18,GOOD NEWS,8
19,GOOD NEWS,1
20,GOOD NEWS,4
21,GOOD NEWS,1
22,GOOD NEWS,2
23,GOOD NEWS,9
24,GOOD NEWS,5
25,GOOD NEWS,5
26,GOOD NEWS,2
27,GOOD NEWS,0
28,GOOD NEWS,0
29,GOOD NEWS,5
30,GOOD NEWS,0
31,GOOD NEWS,3
32,GOOD NEWS,7
33,GOOD NEWS,4
34,GOOD NEWS,2
35,GOOD NEWS,0
36,GOOD NEWS,4
37,GOOD NEWS,5
38,GOOD NEWS,9
39,GOOD NEWS,2
40,GOOD NEWS,2
41,GOOD NEWS,1
42,GOOD NEWS,9
43,GOOD NEWS,7
44,GOOD NEWS,2
45,GOOD NEWS,2
46,GOOD NEWS,9
47,GOOD NEWS,9
48,GOOD NEWS,8
49,GOOD NEWS,2
50,GOOD NEWS,4
51,GOOD NEWS,5
52,GOOD NEWS,1
53,GOOD NEWS,6
54,GOOD NEWS,7
55,GOOD NEWS,3
56,GOOD NEWS,5
57,GOOD NEWS,0
58,GOOD NEWS,8
59,GOOD NEWS,5
60,GOOD NEWS,2
61,GOOD NEWS,4
62,GOOD NEWS,6
63,GOOD NEWS,2
64,GOOD NEWS,9
65,GOOD NEWS,6
66,GOOD NEWS,1
67,GOOD NEWS,3
68,GOOD NEWS,6
69,GOOD NEWS,6
70,GOOD NEWS,8
71,GOOD NEWS,5
72,GOOD NEWS,6
73,GOOD NEWS,6
74,GOOD NEWS,4
75,GOOD NEWS,2
76,GOOD NEWS,2
77,GOOD NEWS,1
78,GOOD NEWS,0
79,GOOD NEWS,9
80,GOOD NEWS,9
81,GOOD NEWS,5
82,GOOD NEWS,5
83,GOOD NEWS,1
84,GOOD NEWS,1
85,GOOD NEWS,8
86,GOOD NEWS,5
87,GOOD NEWS,3
88,GOOD NEWS,9
89,GOOD NEWS,9
90,GOOD NEWS,4
91,GOOD NEWS,9
92,GOOD NEWS,9
93,GOOD NEWS,9
94,GOOD NEWS,6
95,GOOD NEWS,9
96,GOOD NEWS,3
97,GOOD NEWS,6
98,GOOD NEWS,7
99,GOOD NEWS,7
1,ENVIRONMENT,4
2,ENVIRONMENT,3
3,ENVIRONMENT,3
4,ENVIRONMENT,4
5,ENVIRONMENT,9
6,ENVIRONMENT,2
7,ENVIRONMENT,6
8,ENVIRONMENT,7
9,ENVIRONMENT,5
10,ENVIRONMENT,4
11,ENVIRONMENT,9
12,ENVIRONMENT,9
13,ENVIRONMENT,4
14,ENVIRONMENT,4
15,ENVIRONMENT,1
16,ENVIRONMENT,4
17,ENVIRONMENT,3
18,ENVIRONMENT,9
19,ENVIRONMENT,4
20,ENVIRONMENT,7
21,ENVIRONMENT,2
22,ENVIRONMENT,3
23,ENVIRONMENT,0
24,ENVIRONMENT,6
25,ENVIRONMENT,9
26,ENVIRONMENT,6
27,ENVIRONMENT,3
28,ENVIRONMENT,6
29,ENVIRONMENT,8
30,ENVIRONMENT,8
31,ENVIRONMENT,4
32,ENVIRONMENT,9
33,ENVIRONMENT,5
34,ENVIRONMENT,1
35,ENVIRONMENT,4
36,ENVIRONMENT,0
37,ENVIRONMENT,2
38,ENVIRONMENT,2
39,ENVIRONMENT,5
40,ENVIRONMENT,7
41,ENVIRONMENT,7
42,ENVIRONMENT,0
43,ENVIRONMENT,0
44,ENVIRONMENT,1
45,ENVIRONMENT,8
46,ENVIRONMENT,2
47,ENVIRONMENT,8
48,ENVIRONMENT,7
49,ENVIRONMENT,8
50,ENVIRONMENT,7
51,ENVIRONMENT,1
52,ENVIRONMENT,5
53,ENVIRONMENT,4
54,ENVIRONMENT,9
55,ENVIRONMENT,5
56,ENVIRONMENT,1
57,ENVIRONMENT,2
58,ENVIRONMENT,1
59,ENVIRONMENT,7
60,ENVIRONMENT,4
61,ENVIRONMENT,1
62,ENVIRONMENT,4
63,ENVIRONMENT,6
64,ENVIRONMENT,3
65,ENVIRONMENT,7
66,ENVIRONMENT,8
67,ENVIRONMENT,7
68,ENVIRONMENT,2
69,ENVIRONMENT,2
70,ENVIRONMENT,8
71,ENVIRONMENT,7
72,ENVIRONMENT,0
73,ENVIRONMENT,4
74,ENVIRONMENT,4
75,ENVIRONMENT,1
76,ENVIRONMENT,0
77,ENVIRONMENT,1
78,ENVIRONMENT,7
79,ENVIRONMENT,4
80,ENVIRONMENT,7
81,ENVIRONMENT,5
82,ENVIRONMENT,4
83,ENVIRONMENT,7
84,ENVIRONMENT,6
85,ENVIRONMENT,3
86,ENVIRONMENT,3
87,ENVIRONMENT,6
88,ENVIRONMENT,3
89,ENVIRONMENT,2
90,ENVIRONMENT,5
91,ENVIRONMENT,8
92,ENVIRONMENT,3
93,ENVIRONMENT,5
94,ENVIRONMENT,4
95,ENVIRONMENT,4
96,ENVIRONMENT,0
97,ENVIRONMENT,6
98,ENVIRONMENT,6
99,ENVIRONMENT,5
1,HOME & LIVING,0
2,HOME & LIVING,5
3,HOME & LIVING,7
4,HOME & LIVING,9
5,HOME & LIVING,9
6,HOME & LIVING,0
7,HOME & LIVING,2
8,HOME & LIVING,2
9,HOME & LIVING,4
10,HOME & LIVING,9
11,HOME & LIVING,5
12,HOME & LIVING,2
13,HOME & LIVING,7
14,HOME & LIVING,2
15,HOME & LIVING,2
16,HOME & LIVING,6
17,HOME & LIVING,8
18,HOME & LIVING,9
19,HOME & LIVING,0
20,HOME & LIVING,7
21,HOME & LIVING,4
22,HOME & LIVING,3
23,HOME & LIVING,3
24,HOME & LIVING,4
25,HOME & LIVING,5
26,HOME & LIVING,7
27,HOME & LIVING,8
28,HOME & LIVING,6
29,HOME & LIVING,0
30,HOME & LIVING,1
31,HOME & LIVING,3
32,HOME & LIVING,6
33,HOME & LIVING,6
34,HOME & LIVING,3
35,HOME & LIVING,0
36,HOME & LIVING,0
37,HOME & LIVING,8
38,HOME & LIVING,0
39,HOME & LIVING,6
40,HOME & LIVING,1
41,HOME & LIVING,3
42,HOME & LIVING,2
43,HOME & LIVING,3
44,HOME & LIVING,5
45,HOME & LIVING,4
46,HOME & LIVING,9
47,HOME & LIVING,5
48,HOME & LIVING,8
49,HOME & LIVING,0
50,HOME & LIVING,1
51,HOME & LIVING,9
52,HOME & LIVING,0
53,HOME & LIVING,1
54,HOME & LIVING,5
55,HOME & LIVING,0
56,HOME & LIVING,4
57,HOME & LIVING,7
58,HOME & LIVING,2
59,HOME & LIVING,2
60,HOME & LIVING,0
61,HOME & LIVING,4
62,HOME & LIVING,5
63,HOME & LIVING,7
64,HOME & LIVING,0
65,HOME & LIVING,0
66,HOME & LIVING,1
67,HOME & LIVING,6
68,HOME & LIVING,2
69,HOME & LIVING,5
70,HOME & LIVING,6
71,HOME & LIVING,2
72,HOME & LIVING,2
73,HOME & LIVING,0
74,HOME & LIVING,9
75,HOME & LIVING,7
76,HOME & LIVING,2
77,HOME & LIVING,4
78,HOME & LIVING,7
79,HOME & LIVING,2
80,HOME & LIVING,4
81,HOME & LIVING,5
82,HOME & LIVING,5
83,HOME & LIVING,3
84,HOME & LIVING,2
85,HOME & LIVING,1
86,HOME & LIVING,7
87,HOME & LIVING,3
88,HOME & LIVING,1
89,HOME & LIVING,2
90,HOME & LIVING,1
91,HOME & LIVING,3
92,HOME & LIVING,0
93,HOME & LIVING,5
94,HOME & LIVING,9
95,HOME & LIVING,8
96,HOME & LIVING,6
97,HOME & LIVING,3
98,HOME & LIVING,4
99,HOME & LIVING,5
1,CRIME,1
2,CRIME,4
3,CRIME,9
4,CRIME,4
5,CRIME,4
6,CRIME,2
7,CRIME,9
8,CRIME,3
9,CRIME,5
10,CRIME,7
11,CRIME,8
12,CRIME,7
13,CRIME,8
14,CRIME,7
15,CRIME,4
16,CRIME,1
17,CRIME,3
18,CRIME,5
19,CRIME,7
20,CRIME,9
21,CRIME,5
22,CRIME,8
23,CRIME,6
24,CRIME,8
25,CRIME,6
26,CRIME,7
27,CRIME,2
28,CRIME,8
29,CRIME,4
30,CRIME,9
31,CRIME,1
32,CRIME,7
33,CRIME,3
34,CRIME,1
35,CRIME,4
36,CRIME,5
37,CRIME,5
38,CRIME,3
39,CRIME,8
40,CRIME,8
41,CRIME,9
42,CRIME,7
43,CRIME,9
44,CRIME,0
45,CRIME,9
46,CRIME,7
47,CRIME,2
48,CRIME,8
49,CRIME,1
50,CRIME,5
51,CRIME,9
52,CRIME,0
53,CRIME,9
54,CRIME,6
55,CRIME,4
56,CRIME,2
57,CRIME,6
58,CRIME,8
59,CRIME,0
60,CRIME,0
61,CRIME,9
62,CRIME,0
63,CRIME,2
64,CRIME,4
65,CRIME,8
66,CRIME,5
67,CRIME,9
68,CRIME,2
69,CRIME,1
70,CRIME,2
71,CRIME,6
72,CRIME,4
73,CRIME,7
74,CRIME,8
75,CRIME,6
76,CRIME,1
77,CRIME,7
78,CRIME,5
79,CRIME,8
80,CRIME,5
81,CRIME,1
82,CRIME,9
83,CRIME,5
84,CRIME,4
85,CRIME,3
86,CRIME,9
87,CRIME,7
88,CRIME,4
89,CRIME,5
90,CRIME,5
91,CRIME,3
92,CRIME,2
93,CRIME,8
94,CRIME,0
95,CRIME,4
96,CRIME,6
97,CRIME,2
98,CRIME,3
99,CRIME,9
1,STYLE,4
2,STYLE,1
3,STYLE,8
4,STYLE,6
5,STYLE,3
6,STYLE,3
7,STYLE,8
8,STYLE,1
9,STYLE,0
10,STYLE,4
11,STYLE,1
12,STYLE,9
13,STYLE,0
14,STYLE,4
15,STYLE,0
16,STYLE,1
17,STYLE,1
18,STYLE,5
19,STYLE,5
20,STYLE,0
21,STYLE,5
22,STYLE,0
23,STYLE,3
24,STYLE,5
25,STYLE,0
26,STYLE,1
27,STYLE,6
28,STYLE,9
29,STYLE,8
30,STYLE,7
31,STYLE,3
32,STYLE,9
33,STYLE,3
34,STYLE,1
35,STYLE,4
36,STYLE,0
37,STYLE,9
38,STYLE,3
39,STYLE,8
40,STYLE,8
41,STYLE,3
42,STYLE,1
43,STYLE,0
44,STYLE,9
45,STYLE,3
46,STYLE,0
47,STYLE,9
48,STYLE,6
49,STYLE,6
50,STYLE,5
51,STYLE,4
52,STYLE,2
53,STYLE,0
54,STYLE,8
55,STYLE,4
56,STYLE,7
57,STYLE,8
58,STYLE,8
59,STYLE,0
60,STYLE,3
61,STYLE,0
62,STYLE,4
63,STYLE,9
64,STYLE,3
65,STYLE,2
66,STYLE,2
67,STYLE,7
68,STYLE,0
69,STYLE,3
70,STYLE,7
71,STYLE,1
72,STYLE,1
73,STYLE,4
74,STYLE,5
75,STYLE,7
76,STYLE,7
77,STYLE,1
78,STYLE,3
79,STYLE,9
80,STYLE,1
81,STYLE,1
82,STYLE,5
83,STYLE,9
84,STYLE,2
85,STYLE,6
86,STYLE,9
87,STYLE,1
88,STYLE,3
89,STYLE,8
90,STYLE,9
91,STYLE,8
92,STYLE,6
93,STYLE,9
94,STYLE,1
95,STYLE,7
96,STYLE,4
97,STYLE,0
98,STYLE,2
99,STYLE,3
1,MEDIA,5
2,MEDIA,7
3,MEDIA,3
4,MEDIA,0
5,MEDIA,8
6,MEDIA,7
7,MEDIA,1
8,MEDIA,7
9,MEDIA,4
10,MEDIA,9
11,MEDIA,2
12,MEDIA,9
13,MEDIA,0
14,MEDIA,2
15,MEDIA,5
16,MEDIA,0
17,MEDIA,2
18,MEDIA,1
19,MEDIA,5
20,MEDIA,7
21,MEDIA,7
22,MEDIA,9
23,MEDIA,0
24,MEDIA,6
25,MEDIA,9
26,MEDIA,3
27,MEDIA,3
28,MEDIA,6
29,MEDIA,0
30,MEDIA,1
31,MEDIA,3
32,MEDIA,9
33,MEDIA,2
34,MEDIA,2
35,MEDIA,8
36,MEDIA,4
37,MEDIA,3
38,MEDIA,5
39,MEDIA,4
40,MEDIA,7
41,MEDIA,8
42,MEDIA,2
43,MEDIA,0
44,MEDIA,6
45,MEDIA,7
46,MEDIA,6
47,MEDIA,7
48,MEDIA,5
49,MEDIA,0
50,MEDIA,8
51,MEDIA,6
52,MEDIA,7
53,MEDIA,4
54,MEDIA,9
55,MEDIA,2
56,MEDIA,8
57,MEDIA,6
58,MEDIA,4
59,MEDIA,5
60,MEDIA,6
61,MEDIA,9
62,MEDIA,2
63,MEDIA,0
64,MEDIA,3
65,MEDIA,3
66,MEDIA,8
67,MEDIA,9
68,MEDIA,8
69,MEDIA,1
70,MEDIA,8
71,MEDIA,5
72,MEDIA,8
73,MEDIA,1
74,MEDIA,4
75,MEDIA,6
76,MEDIA,1
77,MEDIA,6
78,MEDIA,8
79,MEDIA,0
80,MEDIA,1
81,MEDIA,3
82,MEDIA,0
83,MEDIA,6
84,MEDIA,3
85,MEDIA,1
86,MEDIA,8
87,MEDIA,1
88,MEDIA,8
89,MEDIA,2
90,MEDIA,0
91,MEDIA,0
92,MEDIA,4
93,MEDIA,1
94,MEDIA,5
95,MEDIA,7
96,MEDIA,7
97,MEDIA,1
98,MEDIA,0
99,MEDIA,4
1,WOMEN,2
2,WOMEN,9
3,WOMEN,4
4,WOMEN,7
5,WOMEN,2
6,WOMEN,3
7,WOMEN,8
8,WOMEN,2
9,WOMEN,7
10,WOMEN,1
11,WOMEN,0
12,WOMEN,9
13,WOMEN,1
14,WOMEN,0
15,WOMEN,3
16,WOMEN,3
17,WOMEN,8
18,WOMEN,1
19,WOMEN,9
20,WOMEN,2
21,WOMEN,7
22,WOMEN,6
23,WOMEN,0
24,WOMEN,5
25,WOMEN,7
26,WOMEN,8
27,WOMEN,3
28,WOMEN,6
29,WOMEN,6
30,WOMEN,2
31,WOMEN,5
32,WOMEN,1
33,WOMEN,7
34,WOMEN,2
35,WOMEN,0
36,WOMEN,3
37,WOMEN,4
38,WOMEN,6
39,WOMEN,1
40,WOMEN,8
41,WOMEN,5
42,WOMEN,1
43,WOMEN,9
44,WOMEN,8
45,WOMEN,6
46,WOMEN,5
47,WOMEN,8
48,WOMEN,5
49,WOMEN,3
50,WOMEN,2
51,WOMEN,7
52,WOMEN,3
53,WOMEN,6
54,WOMEN,6
55,WOMEN,5
56,WOMEN,1
57,WOMEN,1
58,WOMEN,8
59,WOMEN,7
60,WOMEN,3
61,WOMEN,2
62,WOMEN,3
63,WOMEN,6
64,WOMEN,6
65,WOMEN,1
66,WOMEN,6
67,WOMEN,0
68,WOMEN,3
69,WOMEN,5
70,WOMEN,2
71,WOMEN,7
72,WOMEN,8
73,WOMEN,6
74,WOMEN,0
75,WOMEN,9
76,WOMEN,7
77,WOMEN,8
78,WOMEN,7
79,WOMEN,0
80,WOMEN,9
81,WOMEN,7
82,WOMEN,5
83,WOMEN,2
84,WOMEN,8
85,WOMEN,9
86,WOMEN,9
87,WOMEN,1
88,WOMEN,2
89,WOMEN,6
90,WOMEN,0
91,WOMEN,9
92,WOMEN,2
93,WOMEN,3
94,WOMEN,0
95,WOMEN,0
96,WOMEN,5
97,WOMEN,1
98,WOMEN,4
99,WOMEN,2
1,SPORTS,1
2,SPORTS,8
3,SPORTS,5
4,SPORTS,3
5,SPORTS,2
6,SPORTS,0
7,SPORTS,1
8,SPORTS,5
9,SPORTS,5
10,SPORTS,1
11,SPORTS,8
12,SPORTS,1
13,SPORTS,3
14,SPORTS,6
15,SPORTS,3
16,SPORTS,5
17,SPORTS,4
18,SPORTS,1
19,SPORTS,1
20,SPORTS,2
21,SPORTS,1
22,SPORTS,8
23,SPORTS,4
24,SPORTS,2
25,SPORTS,8
26,SPORTS,6
27,SPORTS,9
28,SPORTS,1
29,SPORTS,9
30,SPORTS,5
31,SPORTS,0
32,SPORTS,6
33,SPORTS,4
34,SPORTS,8
35,SPORTS,3
36,SPORTS,3
37,SPORTS,2
38,SPORTS,0
39,SPORTS,7
40,SPORTS,8
41,SPORTS,3
42,SPORTS,8
43,SPORTS,8
44,SPORTS,0
45,SPORTS,4
46,SPORTS,2
47,SPORTS,2
48,SPORTS,8
49,SPORTS,0
50,SPORTS,5
51,SPORTS,6
52,SPORTS,6
53,SPORTS,2
54,SPORTS,5
55,SPORTS,9
56,SPORTS,2
57,SPORTS,2
58,SPORTS,7
59,SPORTS,5
60,SPORTS,6
61,SPORTS,6
62,SPORTS,6
63,SPORTS,6
64,SPORTS,2
65,SPORTS,3
66,SPORTS,1
67,SPORTS,3
68,SPORTS,8
69,SPORTS,3
70,SPORTS,2
71,SPORTS,5
72,SPORTS,7
73,SPORTS,7
74,SPORTS,0
75,SPORTS,0
76,SPORTS,2
77,SPORTS,1
78,SPORTS,1
79,SPORTS,2
80,SPORTS,1
81,SPORTS,8
82,SPORTS,9
83,SPORTS,9
84,SPORTS,9
85,SPORTS,5
86,SPORTS,0
87,SPORTS,0
88,SPORTS,0
89,SPORTS,1
90,SPORTS,7
91,SPORTS,1
92,SPORTS,8
93,SPORTS,0
94,SPORTS,1
95,SPORTS,1
96,SPORTS,4
97,SPORTS,0
98,SPORTS,1
99,SPORTS,4
1,WEDDINGS,2
2,WEDDINGS,0
3,WEDDINGS,1
4,WEDDINGS,6
5,WEDDINGS,2
6,WEDDINGS,6
7,WEDDINGS,9
8,WEDDINGS,1
9,WEDDINGS,9
10,WEDDINGS,6
11,WEDDINGS,7
12,WEDDINGS,1
13,WEDDINGS,1
14,WEDDINGS,4
15,WEDDINGS,8
16,WEDDINGS,5
17,WEDDINGS,7
18,WEDDINGS,1
19,WEDDINGS,8
20,WEDDINGS,9
21,WEDDINGS,2
22,WEDDINGS,9
23,WEDDINGS,6
24,WEDDINGS,2
25,WEDDINGS,8
26,WEDDINGS,1
27,WEDDINGS,4
28,WEDDINGS,5
29,WEDDINGS,7
30,WEDDINGS,8
31,WEDDINGS,0
32,WEDDINGS,8
33,WEDDINGS,4
34,WEDDINGS,6
35,WEDDINGS,3
36,WEDDINGS,3
37,WEDDINGS,9
38,WEDDINGS,1
39,WEDDINGS,8
40,WEDDINGS,0
41,WEDDINGS,8
42,WEDDINGS,3
43,WEDDINGS,0
44,WEDDINGS,8
45,WEDDINGS,8
46,WEDDINGS,9
47,WEDDINGS,1
48,WEDDINGS,1
49,WEDDINGS,0
50,WEDDINGS,4
51,WEDDINGS,1
52,WEDDINGS,4
53,WEDDINGS,5
54,WEDDINGS,8
55,WEDDINGS,7
56,WEDDINGS,8
57,WEDDINGS,6
58,WEDDINGS,4
59,WEDDINGS,8
60,WEDDINGS,1
61,WEDDINGS,6
62,WEDDINGS,5
63,WEDDINGS,1
64,WEDDINGS,1
65,WEDDINGS,2
66,WEDDINGS,3
67,WEDDINGS,4
68,WEDDINGS,2
69,WEDDINGS,8
70,WEDDINGS,9
71,WEDDINGS,5
72,WEDDINGS,9
73,WEDDINGS,6
74,WEDDINGS,4
75,WEDDINGS,9
76,WEDDINGS,2
77,WEDDINGS,6
78,WEDDINGS,1
79,WEDDINGS,2
80,WEDDINGS,6
81,WEDDINGS,6
82,WEDDINGS,9
83,WEDDINGS,5
84,WEDDINGS,2
85,WEDDINGS,9
86,WEDDINGS,7
87,WEDDINGS,2
88,WEDDINGS,2
89,WEDDINGS,8
90,WEDDINGS,4
91,WEDDINGS,1
92,WEDDINGS,8
93,WEDDINGS,0
94,WEDDINGS,2
95,WEDDINGS,7
96,WEDDINGS,4
97,WEDDINGS,1
98,WEDDINGS,1
99,WEDDINGS,7
1,ARTS,3
2,ARTS,3
3,ARTS,7
4,ARTS,5
5,ARTS,2
6,ARTS,4
7,ARTS,4
8,ARTS,9
9,ARTS,1
10,ARTS,8
11,ARTS,8
12,ARTS,0
13,ARTS,9
14,ARTS,2
15,ARTS,3
16,ARTS,2
17,ARTS,2
18,ARTS,0
19,ARTS,7
20,ARTS,7
21,ARTS,6
22,ARTS,2
23,ARTS,5
24,ARTS,6
25,ARTS,1
26,ARTS,6
27,ARTS,8
28,ARTS,9
29,ARTS,4
30,ARTS,9
31,ARTS,5
32,ARTS,4
33,ARTS,8
34,ARTS,4
35,ARTS,4
36,ARTS,0
37,ARTS,2
38,ARTS,9
39,ARTS,6
40,ARTS,9
41,ARTS,1
42,ARTS,7
43,ARTS,5
44,ARTS,7
45,ARTS,8
46,ARTS,4
47,ARTS,5
48,ARTS,2
49,ARTS,3
50,ARTS,4
51,ARTS,2
52,ARTS,9
53,ARTS,9
54,ARTS,4
55,ARTS,6
56,ARTS,6
57,ARTS,9
58,ARTS,3
59,ARTS,9
60,ARTS,7
61,ARTS,4
62,ARTS,4
63,ARTS,7
64,ARTS,3
65,ARTS,1
66,ARTS,3
67,ARTS,2
68,ARTS,0
69,ARTS,9
70,ARTS,9
71,ARTS,3
72,ARTS,5
73,ARTS,0
74,ARTS,0
75,ARTS,0
76,ARTS,5
77,ARTS,5
78,ARTS,7
79,ARTS,8
80,ARTS,6
81,ARTS,9
82,ARTS,5
83,ARTS,0
84,ARTS,2
85,ARTS,5
86,ARTS,0
87,ARTS,7
88,ARTS,0
89,ARTS,2
90,ARTS,8
91,ARTS,6
92,ARTS,9
93,ARTS,0
94,ARTS,5
95,ARTS,3
96,ARTS,8
97,ARTS,1
98,ARTS,3
99,ARTS,9
1,STYLE & BEAUTY,1
2,STYLE & BEAUTY,0
3,STYLE & BEAUTY,6
4,STYLE & BEAUTY,2
5,STYLE & BEAUTY,3
6,STYLE & BEAUTY,5
7,STYLE & BEAUTY,2
8,STYLE & BEAUTY,1
9,STYLE & BEAUTY,2
10,STYLE & BEAUTY,4
11,STYLE & BEAUTY,9
12,STYLE & BEAUTY,4
13,STYLE & BEAUTY,6
14,STYLE & BEAUTY,0
15,STYLE & BEAUTY,4
16,STYLE & BEAUTY,7
17,STYLE & BEAUTY,4
18,STYLE & BEAUTY,9
19,STYLE & BEAUTY,0
20,STYLE & BEAUTY,1
21,STYLE & BEAUTY,4
22,STYLE & BEAUTY,4
23,STYLE & BEAUTY,8
24,STYLE & BEAUTY,4
25,STYLE & BEAUTY,7
26,STYLE & BEAUTY,2
27,STYLE & BEAUTY,4
28,STYLE & BEAUTY,4
29,STYLE & BEAUTY,3
30,STYLE & BEAUTY,0
31,STYLE & BEAUTY,2
32,STYLE & BEAUTY,6
33,STYLE & BEAUTY,9
34,STYLE & BEAUTY,8
35,STYLE & BEAUTY,0
36,STYLE & BEAUTY,0
37,STYLE & BEAUTY,5
38,STYLE & BEAUTY,2
39,STYLE & BEAUTY,1
40,STYLE & BEAUTY,0
41,STYLE & BEAUTY,0
42,STYLE & BEAUTY,3
43,STYLE & BEAUTY,7
44,STYLE & BEAUTY,2
45,STYLE & BEAUTY,5
46,STYLE & BEAUTY,6
47,STYLE & BEAUTY,1
48,STYLE & BEAUTY,4
49,STYLE & BEAUTY,6
50,STYLE & BEAUTY,5
51,STYLE & BEAUTY,8
52,STYLE & BEAUTY,4
53,STYLE & BEAUTY,1
54,STYLE & BEAUTY,9
55,STYLE & BEAUTY,1
56,STYLE & BEAUTY,1
57,STYLE & BEAUTY,0
58,STYLE & BEAUTY,5
59,STYLE & BEAUTY,1
60,STYLE & BEAUTY,9
61,STYLE & BEAUTY,1
62,STYLE & BEAUTY,1
63,STYLE & BEAUTY,9
64,STYLE & BEAUTY,1
65,STYLE & BEAUTY,7
66,STYLE & BEAUTY,4
67,STYLE & BEAUTY,2
68,STYLE & BEAUTY,4
69,STYLE & BEAUTY,7
70,STYLE & BEAUTY,1
71,STYLE & BEAUTY,5
72,STYLE & BEAUTY,0
73,STYLE & BEAUTY,3
74,STYLE & BEAUTY,9
75,STYLE & BEAUTY,9
76,STYLE & BEAUTY,2
77,STYLE & BEAUTY,7
78,STYLE & BEAUTY,7
79,STYLE & BEAUTY,6
80,STYLE & BEAUTY,4
81,STYLE & BEAUTY,8
82,STYLE & BEAUTY,1
83,STYLE & BEAUTY,3
84,STYLE & BEAUTY,2
85,STYLE & BEAUTY,8
86,STYLE & BEAUTY,7
87,STYLE & BEAUTY,6
88,STYLE & BEAUTY,5
89,STYLE & BEAUTY,1
90,STYLE & BEAUTY,4
91,STYLE & BEAUTY,7
92,STYLE & BEAUTY,3
93,STYLE & BEAUTY,4
94,STYLE & BEAUTY,0
95,STYLE & BEAUTY,6
96,STYLE & BEAUTY,5
97,STYLE & BEAUTY,3
98,STYLE & BEAUTY,0
99,STYLE & BEAUTY,9
1,ARTS & CULTURE,3
2,ARTS & CULTURE,8
3,ARTS & CULTURE,6
4,ARTS & CULTURE,2
5,ARTS & CULTURE,6
6,ARTS & CULTURE,4
7,ARTS & CULTURE,5
8,ARTS & CULTURE,5
9,ARTS & CULTURE,5
10,ARTS & CULTURE,6
11,ARTS & CULTURE,2
12,ARTS & CULTURE,3
13,ARTS & CULTURE,9
14,ARTS & CULTURE,7
15,ARTS & CULTURE,7
16,ARTS & CULTURE,8
17,ARTS & CULTURE,9
18,ARTS & CULTURE,9
19,ARTS & CULTURE,5
20,ARTS & CULTURE,1
21,ARTS & CULTURE,0
22,ARTS & CULTURE,5
23,ARTS & CULTURE,9
24,ARTS & CULTURE,4
25,ARTS & CULTURE,9
26,ARTS & CULTURE,0
27,ARTS & CULTURE,5
28,ARTS & CULTURE,4
29,ARTS & CULTURE,0
30,ARTS & CULTURE,6
31,ARTS & CULTURE,0
32,ARTS & CULTURE,3
33,ARTS & CULTURE,6
34,ARTS & CULTURE,6
35,ARTS & CULTURE,6
36,ARTS & CULTURE,3
37,ARTS & CULTURE,4
38,ARTS & CULTURE,7
39,ARTS & CULTURE,9
40,ARTS & CULTURE,6
41,ARTS & CULTURE,8
42,ARTS & CULTURE,4
43,ARTS & CULTURE,4
44,ARTS & CULTURE,0
45,ARTS & CULTURE,5
46,ARTS & CULTURE,7
47,ARTS & CULTURE,9
48,ARTS & CULTURE,2
49,ARTS & CULTURE,6
50,ARTS & CULTURE,1
51,ARTS & CULTURE,0
52,ARTS & CULTURE,1
53,ARTS & CULTURE,9
54,ARTS & CULTURE,4
55,ARTS & CULTURE,9
56,ARTS & CULTURE,5
57,ARTS & CULTURE,6
58,ARTS & CULTURE,4
59,ARTS & CULTURE,4
60,ARTS & CULTURE,1
61,ARTS & CULTURE,0
62,ARTS & CULTURE,3
63,ARTS & CULTURE,6
64,ARTS & CULTURE,4
65,ARTS & CULTURE,4
66,ARTS & CULTURE,4
67,ARTS & CULTURE,8
68,ARTS & CULTURE,6
69,ARTS & CULTURE,3
70,ARTS & CULTURE,9
71,ARTS & CULTURE,6
72,ARTS & CULTURE,3
73,ARTS & CULTURE,1
74,ARTS & CULTURE,5
75,ARTS & CULTURE,7
76,ARTS & CULTURE,3
77,ARTS & CULTURE,5
78,ARTS & CULTURE,7
79,ARTS & CULTURE,1
80,ARTS & CULTURE,7
81,ARTS & CULTURE,1
82,ARTS & CULTURE,9
83,ARTS & CULTURE,0
84,ARTS & CULTURE,2
85,ARTS & CULTURE,3
86,ARTS & CULTURE,8
87,ARTS & CULTURE,5
88,ARTS & CULTURE,4
89,ARTS & CULTURE,1
90,ARTS & CULTURE,9
91,ARTS & CULTURE,0
92,ARTS & CULTURE,3
93,ARTS & CULTURE,1
94,ARTS & CULTURE,3
95,ARTS & CULTURE,5
96,ARTS & CULTURE,2
97,ARTS & CULTURE,5
98,ARTS & CULTURE,5
99,ARTS & CULTURE,0
1,U.S. NEWS,1
2,U.S. NEWS,8
3,U.S. NEWS,8
4,U.S. NEWS,2
5,U.S. NEWS,6
6,U.S. NEWS,6
7,U.S. NEWS,8
8,U.S. NEWS,4
9,U.S. NEWS,0
10,U.S. NEWS,3
11,U.S. NEWS,1
12,U.S. NEWS,6
13,U.S. NEWS,3
14,U.S. NEWS,6
15,U.S. NEWS,9
16,U.S. NEWS,3
17,U.S. NEWS,6
18,U.S. NEWS,1
19,U.S. NEWS,6
20,U.S. NEWS,2
21,U.S. NEWS,0
22,U.S. NEWS,8
23,U.S. NEWS,0
24,U.S. NEWS,6
25,U.S. NEWS,8
26,U.S. NEWS,2
27,U.S. NEWS,7
28,U.S. NEWS,3
29,U.S. NEWS,5
30,U.S. NEWS,5
31,U.S. NEWS,3
32,U.S. NEWS,7
33,U.S. NEWS,9
34,U.S. NEWS,3
35,U.S. NEWS,8
36,U.S. NEWS,1
37,U.S. NEWS,7
38,U.S. NEWS,9
39,U.S. NEWS,4
40,U.S. NEWS,7
41,U.S. NEWS,9
42,U.S. NEWS,9
43,U.S. NEWS,2
44,U.S. NEWS,3
45,U.S. NEWS,7
46,U.S. NEWS,3
47,U.S. NEWS,2
48,U.S. NEWS,4
49,U.S. NEWS,8
50,U.S. NEWS,4
51,U.S. NEWS,6
52,U.S. NEWS,2
53,U.S. NEWS,5
54,U.S. NEWS,0
55,U.S. NEWS,3
56,U.S. NEWS,0
57,U.S. NEWS,6
58,U.S. NEWS,9
59,U.S. NEWS,9
60,U.S. NEWS,3
61,U.S. NEWS,1
62,U.S. NEWS,9
63,U.S. NEWS,9
64,U.S. NEWS,1
65,U.S. NEWS,1
66,U.S. NEWS,6
67,U.S. NEWS,6
68,U.S. NEWS,8
69,U.S. NEWS,1
70,U.S. NEWS,6
71,U.S. NEWS,8
72,U.S. NEWS,6
73,U.S. NEWS,4
74,U.S. NEWS,3
75,U.S. NEWS,5
76,U.S. NEWS,3
77,U.S. NEWS,2
78,U.S. NEWS,8
79,U.S. NEWS,7
80,U.S. NEWS,0
81,U.S. NEWS,0
82,U.S. NEWS,5
83,U.S. NEWS,1
84,U.S. NEWS,0
85,U.S. NEWS,8
86,U.S. NEWS,5
87,U.S. NEWS,6
88,U.S. NEWS,2
89,U.S. NEWS,1
90,U.S. NEWS,1
91,U.S. NEWS,6
92,U.S. NEWS,1
93,U.S. NEWS,2
94,U.S. NEWS,7
95,U.S. NEWS,3
96,U.S. NEWS,8
97,U.S. NEWS,2
98,U.S. NEWS,6
99,U.S. NEWS,0
1,WORLDPOST,5
2,WORLDPOST,0
3,WORLDPOST,0
4,WORLDPOST,1
5,WORLDPOST,4
6,WORLDPOST,8
7,WORLDPOST,0
8,WORLDPOST,3
9,WORLDPOST,6
10,WORLDPOST,6
11,WORLDPOST,0
12,WORLDPOST,1
13,WORLDPOST,6
14,WORLDPOST,1
15,WORLDPOST,8
16,WORLDPOST,6
17,WORLDPOST,6
18,WORLDPOST,2
19,WORLDPOST,2
20,WORLDPOST,7
21,WORLDPOST,8
22,WORLDPOST,3
23,WORLDPOST,0
24,WORLDPOST,6
25,WORLDPOST,6
26,WORLDPOST,6
27,WORLDPOST,9
28,WORLDPOST,3
29,WORLDPOST,2
30,WORLDPOST,0
31,WORLDPOST,4
32,WORLDPOST,5
33,WORLDPOST,5
34,WORLDPOST,5
35,WORLDPOST,7
36,WORLDPOST,3
37,WORLDPOST,5
38,WORLDPOST,4
39,WORLDPOST,4
40,WORLDPOST,9
41,WORLDPOST,5
42,WORLDPOST,3
43,WORLDPOST,0
44,WORLDPOST,7
45,WORLDPOST,9
46,WORLDPOST,2
47,WORLDPOST,0
48,WORLDPOST,5
49,WORLDPOST,3
50,WORLDPOST,8
51,WORLDPOST,7
52,WORLDPOST,0
53,WORLDPOST,4
54,WORLDPOST,3
55,WORLDPOST,3
56,WORLDPOST,6
57,WORLDPOST,7
58,WORLDPOST,2
59,WORLDPOST,0
60,WORLDPOST,5
61,WORLDPOST,7
62,WORLDPOST,5
63,WORLDPOST,4
64,WORLDPOST,3
65,WORLDPOST,0
66,WORLDPOST,4
67,WORLDPOST,6
68,WORLDPOST,1
69,WORLDPOST,5
70,WORLDPOST,5
71,WORLDPOST,6
72,WORLDPOST,6
73,WORLDPOST,9
74,WORLDPOST,7
75,WORLDPOST,0
76,WORLDPOST,1
77,WORLDPOST,5
78,WORLDPOST,5
79,WORLDPOST,2
80,WORLDPOST,1
81,WORLDPOST,0
82,WORLDPOST,7
83,WORLDPOST,5
84,WORLDPOST,2
85,WORLDPOST,2
86,WORLDPOST,3
87,WORLDPOST,4
88,WORLDPOST,9
89,WORLDPOST,1
90,WORLDPOST,1
91,WORLDPOST,4
92,WORLDPOST,2
93,WORLDPOST,7
94,WORLDPOST,3
95,WORLDPOST,8
96,WORLDPOST,9
97,WORLDPOST,9
98,WORLDPOST,1
99,WORLDPOST,7
1,LATINO VOICES,1
2,LATINO VOICES,5
3,LATINO VOICES,2
4,LATINO VOICES,6
5,LATINO VOICES,7
6,LATINO VOICES,4
7,LATINO VOICES,8
8,LATINO VOICES,8
9,LATINO VOICES,1
10,LATINO VOICES,4
11,LATINO VOICES,2
12,LATINO VOICES,3
13,LATINO VOICES,2
14,LATINO VOICES,3
15,LATINO VOICES,5
16,LATINO VOICES,7
17,LATINO VOICES,7
18,LATINO VOICES,9
19,LATINO VOICES,9
20,LATINO VOICES,4
21,LATINO VOICES,0
22,LATINO VOICES,0
23,LATINO VOICES,0
24,LATINO VOICES,2
25,LATINO VOICES,6
26,LATINO VOICES,3
27,LATINO VOICES,0
28,LATINO VOICES,4
29,LATINO VOICES,0
30,LATINO VOICES,3
31,LATINO VOICES,8
32,LATINO VOICES,7
33,LATINO VOICES,8
34,LATINO VOICES,6
35,LATINO VOICES,2
36,LATINO VOICES,1
37,LATINO VOICES,7
38,LATINO VOICES,5
39,LATINO VOICES,1
40,LATINO VOICES,7
41,LATINO VOICES,6
42,LATINO VOICES,0
43,LATINO VOICES,3
44,LATINO VOICES,1
45,LATINO VOICES,1
46,LATINO VOICES,2
47,LATINO VOICES,6
48,LATINO VOICES,1
49,LATINO VOICES,1
50,LATINO VOICES,9
51,LATINO VOICES,6
52,LATINO VOICES,9
53,LATINO VOICES,9
54,LATINO VOICES,4
55,LATINO VOICES,3
56,LATINO VOICES,8
57,LATINO VOICES,7
58,LATINO VOICES,2
59,LATINO VOICES,3
60,LATINO VOICES,5
61,LATINO VOICES,4
62,LATINO VOICES,7
63,LATINO VOICES,1
64,LATINO VOICES,9
65,LATINO VOICES,6
66,LATINO VOICES,4
67,LATINO VOICES,2
68,LATINO VOICES,3
69,LATINO VOICES,3
70,LATINO VOICES,0
71,LATINO VOICES,3
72,LATINO VOICES,8
73,LATINO VOICES,7
74,LATINO VOICES,2
75,LATINO VOICES,1
76,LATINO VOICES,8
77,LATINO VOICES,2
78,LATINO VOICES,2
79,LATINO VOICES,7
80,LATINO VOICES,0
81,LATINO VOICES,9
82,LATINO VOICES,2
83,LATINO VOICES,7
84,LATINO VOICES,6
85,LATINO VOICES,5
86,LATINO VOICES,6
87,LATINO VOICES,5
88,LATINO VOICES,7
89,LATINO VOICES,3
90,LATINO VOICES,7
91,LATINO VOICES,7
92,LATINO VOICES,9
93,LATINO VOICES,4
94,LATINO VOICES,8
95,LATINO VOICES,1
96,LATINO VOICES,9
97,LATINO VOICES,6
98,LATINO VOICES,5
99,LATINO VOICES,1
1,WELLNESS,0
2,WELLNESS,5
3,WELLNESS,3
4,WELLNESS,7
5,WELLNESS,9
6,WELLNESS,7
7,WELLNESS,5
8,WELLNESS,0
9,WELLNESS,1
10,WELLNESS,5
11,WELLNESS,2
12,WELLNESS,4
13,WELLNESS,8
14,WELLNESS,7
15,WELLNESS,5
16,WELLNESS,2
17,WELLNESS,5
18,WELLNESS,0
19,WELLNESS,2
20,WELLNESS,1
21,WELLNESS,4
22,WELLNESS,6
23,WELLNESS,9
24,WELLNESS,3
25,WELLNESS,4
26,WELLNESS,6
27,WELLNESS,3
28,WELLNESS,9
29,WELLNESS,9
30,WELLNESS,5
31,WELLNESS,5
32,WELLNESS,8
33,WELLNESS,5
34,WELLNESS,1
35,WELLNESS,9
36,WELLNESS,5
37,WELLNESS,2
38,WELLNESS,5
39,WELLNESS,4
40,WELLNESS,1
41,WELLNESS,4
42,WELLNESS,4
43,WELLNESS,6
44,WELLNESS,1
45,WELLNESS,4
46,WELLNESS,4
47,WELLNESS,8
48,WELLNESS,5
49,WELLNESS,0
50,WELLNESS,7
51,WELLNESS,5
52,WELLNESS,4
53,WELLNESS,3
54,WELLNESS,6
55,WELLNESS,5
56,WELLNESS,6
57,WELLNESS,2
58,WELLNESS,3
59,WELLNESS,7
60,WELLNESS,5
61,WELLNESS,7
62,WELLNESS,7
63,WELLNESS,1
64,WELLNESS,4
65,WELLNESS,3
66,WELLNESS,8
67,WELLNESS,0
68,WELLNESS,5
69,WELLNESS,8
70,WELLNESS,3
71,WELLNESS,9
72,WELLNESS,6
73,WELLNESS,2
74,WELLNESS,6
75,WELLNESS,3
76,WELLNESS,0
77,WELLNESS,0
78,WELLNESS,5
79,WELLNESS,8
80,WELLNESS,9
81,WELLNESS,5
82,WELLNESS,2
83,WELLNESS,3
84,WELLNESS,4
85,WELLNESS,0
86,WELLNESS,0
87,WELLNESS,0
88,WELLNESS,0
89,WELLNESS,5
90,WELLNESS,0
91,WELLNESS,2
92,WELLNESS,9
93,WELLNESS,2
94,WELLNESS,2
95,WELLNESS,3
96,WELLNESS,0
97,WELLNESS,1
98,WELLNESS,8
99,WELLNESS,1
1,FOOD & DRINK,7
2,FOOD & DRINK,0
3,FOOD & DRINK,7
4,FOOD & DRINK,3
5,FOOD & DRINK,1
6,FOOD & DRINK,3
7,FOOD & DRINK,3
8,FOOD & DRINK,3
9,FOOD & DRINK,7
10,FOOD & DRINK,4
11,FOOD & DRINK,4
12,FOOD & DRINK,0
13,FOOD & DRINK,0
14,FOOD & DRINK,6
15,FOOD & DRINK,1
16,FOOD & DRINK,2
17,FOOD & DRINK,1
18,FOOD & DRINK,9
19,FOOD & DRINK,8
20,FOOD & DRINK,0
21,FOOD & DRINK,3
22,FOOD & DRINK,0
23,FOOD & DRINK,3
24,FOOD & DRINK,0
25,FOOD & DRINK,4
26,FOOD & DRINK,5
27,FOOD & DRINK,1
28,FOOD & DRINK,2
29,FOOD & DRINK,8
30,FOOD & DRINK,6
31,FOOD & DRINK,1
32,FOOD & DRINK,1
33,FOOD & DRINK,2
34,FOOD & DRINK,9
35,FOOD & DRINK,2
36,FOOD & DRINK,2
37,FOOD & DRINK,0
38,FOOD & DRINK,4
39,FOOD & DRINK,9
40,FOOD & DRINK,6
41,FOOD & DRINK,3
42,FOOD & DRINK,7
43,FOOD & DRINK,7
44,FOOD & DRINK,6
45,FOOD & DRINK,0
46,FOOD & DRINK,4
47,FOOD & DRINK,2
48,FOOD & DRINK,2
49,FOOD & DRINK,4
50,FOOD & DRINK,6
51,FOOD & DRINK,5
52,FOOD & DRINK,9
53,FOOD & DRINK,7
54,FOOD & DRINK,6
55,FOOD & DRINK,6
56,FOOD & DRINK,7
57,FOOD & DRINK,6
58,FOOD & DRINK,1
59,FOOD & DRINK,2
60,FOOD & DRINK,4
61,FOOD & DRINK,3
62,FOOD & DRINK,0
63,FOOD & DRINK,2
64,FOOD & DRINK,2
65,FOOD & DRINK,1
66,FOOD & DRINK,9
67,FOOD & DRINK,7
68,FOOD & DRINK,9
69,FOOD & DRINK,7
70,FOOD & DRINK,5
71,FOOD & DRINK,4
72,FOOD & DRINK,8
73,FOOD & DRINK,7
74,FOOD & DRINK,9
75,FOOD & DRINK,7
76,FOOD & DRINK,1
77,FOOD & DRINK,0
78,FOOD & DRINK,4
79,FOOD & DRINK,8
80,FOOD & DRINK,8
81,FOOD & DRINK,4
82,FOOD & DRINK,3
83,FOOD & DRINK,9
84,FOOD & DRINK,2
85,FOOD & DRINK,3
86,FOOD & DRINK,8
87,FOOD & DRINK,4
88,FOOD & DRINK,0
89,FOOD & DRINK,1
90,FOOD & DRINK,2
91,FOOD & DRINK,4
92,FOOD & DRINK,4
93,FOOD & DRINK,6
94,FOOD & DRINK,8
95,FOOD & DRINK,9
96,FOOD & DRINK,0
97,FOOD & DRINK,9
98,FOOD & DRINK,1
99,FOOD & DRINK,6
1,TECH,1
2,TECH,1
3,TECH,0
4,TECH,6
5,TECH,0
6,TECH,4
7,TECH,0
8,TECH,5
9,TECH,0
10,TECH,1
11,TECH,8
12,TECH,6
13,TECH,2
14,TECH,9
15,TECH,8
16,TECH,9
17,TECH,8
18,TECH,9
19,TECH,8
20,TECH,2
21,TECH,6
22,TECH,5
23,TECH,2
24,TECH,0
25,TECH,7
26,TECH,1
27,TECH,3
28,TECH,1
29,TECH,4
30,TECH,1
31,TECH,5
32,TECH,1
33,TECH,9
34,TECH,8
35,TECH,8
36,TECH,1
37,TECH,7
38,TECH,6
39,TECH,2
40,TECH,9
41,TECH,4
42,TECH,3
43,TECH,4
44,TECH,6
45,TECH,7
46,TECH,0
47,TECH,2
48,TECH,6
49,TECH,5
50,TECH,7
51,TECH,2
52,TECH,7
53,TECH,9
54,TECH,8
55,TECH,0
56,TECH,5
57,TECH,3
58,TECH,4
59,TECH,1
60,TECH,2
61,TECH,8
62,TECH,6
63,TECH,9
64,TECH,8
65,TECH,4
66,TECH,9
67,TECH,8
68,TECH,7
69,TECH,2
70,TECH,6
71,TECH,9
72,TECH,8
73,TECH,7
74,TECH,6
75,TECH,8
76,TECH,2
77,TECH,4
78,TECH,9
79,TECH,3
80,TECH,6
81,TECH,9
82,TECH,1
83,TECH,0
84,TECH,3
85,TECH,9
86,TECH,3
87,TECH,8
88,TECH,0
89,TECH,2
90,TECH,9
91,TECH,6
92,TECH,9
93,TECH,5
94,TECH,2
95,TECH,1
96,TECH,1
97,TECH,8
98,TECH,2
99,TECH,0
1,WORLD NEWS,5
2,WORLD NEWS,4
3,WORLD NEWS,8
4,WORLD NEWS,8
5,WORLD NEWS,1
6,WORLD NEWS,2
7,WORLD NEWS,9
8,WORLD NEWS,2
9,WORLD NEWS,3
10,WORLD NEWS,6
11,WORLD NEWS,0
12,WORLD NEWS,5
13,WORLD NEWS,5
14,WORLD NEWS,4
15,WORLD NEWS,9
16,WORLD NEWS,1
17,WORLD NEWS,1
18,WORLD NEWS,4
19,WORLD NEWS,3
20,WORLD NEWS,2
21,WORLD NEWS,1
22,WORLD NEWS,3
23,WORLD NEWS,5
24,WORLD NEWS,4
25,WORLD NEWS,0
26,WORLD NEWS,6
27,WORLD NEWS,8
28,WORLD NEWS,5
29,WORLD NEWS,8
30,WORLD NEWS,1
31,WORLD NEWS,6
32,WORLD NEWS,4
33,WORLD NEWS,4
34,WORLD NEWS,0
35,WORLD NEWS,1
36,WORLD NEWS,9
37,WORLD NEWS,7
38,WORLD NEWS,4
39,WORLD NEWS,9
40,WORLD NEWS,6
41,WORLD NEWS,6
42,WORLD NEWS,6
43,WORLD NEWS,3
44,WORLD NEWS,9
45,WORLD NEWS,6
46,WORLD NEWS,5
47,WORLD NEWS,1
48,WORLD NEWS,4
49,WORLD NEWS,3
50,WORLD NEWS,6
51,WORLD NEWS,9
52,WORLD NEWS,2
53,WORLD NEWS,6
54,WORLD NEWS,7
55,WORLD NEWS,5
56,WORLD NEWS,5
57,WORLD NEWS,9
58,WORLD NEWS,8
59,WORLD NEWS,9
60,WORLD NEWS,5
61,WORLD NEWS,6
62,WORLD NEWS,4
63,WORLD NEWS,9
64,WORLD NEWS,3
65,WORLD NEWS,9
66,WORLD NEWS,4
67,WORLD NEWS,3
68,WORLD NEWS,7
69,WORLD NEWS,2
70,WORLD NEWS,3
71,WORLD NEWS,5
72,WORLD NEWS,9
73,WORLD NEWS,2
74,WORLD NEWS,2
75,WORLD NEWS,0
76,WORLD NEWS,5
77,WORLD NEWS,8
78,WORLD NEWS,0
79,WORLD NEWS,0
80,WORLD NEWS,7
81,WORLD NEWS,2
82,WORLD NEWS,4
83,WORLD NEWS,7
84,WORLD NEWS,5
85,WORLD NEWS,5
86,WORLD NEWS,7
87,WORLD NEWS,3
88,WORLD NEWS,5
89,WORLD NEWS,8
90,WORLD NEWS,8
91,WORLD NEWS,3
92,WORLD NEWS,4
93,WORLD NEWS,5
94,WORLD NEWS,9
95,WORLD NEWS,6
96,WORLD NEWS,6
97,WORLD NEWS,7
98,WORLD NEWS,9
99,WORLD NEWS,8
1,GREEN,8
2,GREEN,5
3,GREEN,0
4,GREEN,4
5,GREEN,0
6,GREEN,4
7,GREEN,8
8,GREEN,6
9,GREEN,7
10,GREEN,5
11,GREEN,7
12,GREEN,4
13,GREEN,3
14,GREEN,9
15,GREEN,8
16,GREEN,9
17,GREEN,5
18,GREEN,0
19,GREEN,4
20,GREEN,3
21,GREEN,1
22,GREEN,7
23,GREEN,9
24,GREEN,8
25,GREEN,6
26,GREEN,2
27,GREEN,2
28,GREEN,5
29,GREEN,1
30,GREEN,7
31,GREEN,4
32,GREEN,0
33,GREEN,3
34,GREEN,3
35,GREEN,6
36,GREEN,1
37,GREEN,0
38,GREEN,0
39,GREEN,3
40,GREEN,5
41,GREEN,3
42,GREEN,1
43,GREEN,3
44,GREEN,2
45,GREEN,4
46,GREEN,1
47,GREEN,2
48,GREEN,2
49,GREEN,2
50,GREEN,0
51,GREEN,9
52,GREEN,8
53,GREEN,8
54,GREEN,3
55,GREEN,2
56,GREEN,0
57,GREEN,7
58,GREEN,9
59,GREEN,1
60,GREEN,3
61,GREEN,1
62,GREEN,1
63,GREEN,7
64,GREEN,7
65,GREEN,1
66,GREEN,6
67,GREEN,3
68,GREEN,5
69,GREEN,2
70,GREEN,9
71,GREEN,8
72,GREEN,7
73,GREEN,9
74,GREEN,3
75,GREEN,8
76,GREEN,4
77,GREEN,3
78,GREEN,9
79,GREEN,0
80,GREEN,4
81,GREEN,3
82,GREEN,7
83,GREEN,1
84,GREEN,9
85,GREEN,3
86,GREEN,7
87,GREEN,8
88,GREEN,6
89,GREEN,8
90,GREEN,7
91,GREEN,2
92,GREEN,7
93,GREEN,5
94,GREEN,2
95,GREEN,8
96,GREEN,6
97,GREEN,0
98,GREEN,2
99,GREEN,1
1,WEIRD NEWS,6
2,WEIRD NEWS,6
3,WEIRD NEWS,7
4,WEIRD NEWS,7
5,WEIRD NEWS,1
6,WEIRD NEWS,9
7,WEIRD NEWS,5
8,WEIRD NEWS,1
9,WEIRD NEWS,2
10,WEIRD NEWS,3
11,WEIRD NEWS,9
12,WEIRD NEWS,7
13,WEIRD NEWS,7
14,WEIRD NEWS,5
15,WEIRD NEWS,4
16,WEIRD NEWS,9
17,WEIRD NEWS,3
18,WEIRD NEWS,6
19,WEIRD NEWS,6
20,WEIRD NEWS,9
21,WEIRD NEWS,0
22,WEIRD NEWS,2
23,WEIRD NEWS,7
24,WEIRD NEWS,8
25,WEIRD NEWS,3
26,WEIRD NEWS,4
27,WEIRD NEWS,9
28,WEIRD NEWS,3
29,WEIRD NEWS,2
30,WEIRD NEWS,2
31,WEIRD NEWS,0
32,WEIRD NEWS,7
33,WEIRD NEWS,5
34,WEIRD NEWS,7
35,WEIRD NEWS,9
36,WEIRD NEWS,9
37,WEIRD NEWS,1
38,WEIRD NEWS,8
39,WEIRD NEWS,7
40,WEIRD NEWS,7
41,WEIRD NEWS,0
42,WEIRD NEWS,5
43,WEIRD NEWS,2
44,WEIRD NEWS,9
45,WEIRD NEWS,1
46,WEIRD NEWS,0
47,WEIRD NEWS,0
48,WEIRD NEWS,0
49,WEIRD NEWS,8
50,WEIRD NEWS,0
51,WEIRD NEWS,3
52,WEIRD NEWS,2
53,WEIRD NEWS,5
54,WEIRD NEWS,5
55,WEIRD NEWS,2
56,WEIRD NEWS,8
57,WEIRD NEWS,6
58,WEIRD NEWS,7
59,WEIRD NEWS,3
60,WEIRD NEWS,7
61,WEIRD NEWS,1
62,WEIRD NEWS,6
63,WEIRD NEWS,8
64,WEIRD NEWS,9
65,WEIRD NEWS,8
66,WEIRD NEWS,0
67,WEIRD NEWS,0
68,WEIRD NEWS,4
69,WEIRD NEWS,1
70,WEIRD NEWS,5
71,WEIRD NEWS,7
72,WEIRD NEWS,9
73,WEIRD NEWS,1
74,WEIRD NEWS,2
75,WEIRD NEWS,6
76,WEIRD NEWS,1
77,WEIRD NEWS,0
78,WEIRD NEWS,6
79,WEIRD NEWS,7
80,WEIRD NEWS,3
81,WEIRD NEWS,2
82,WEIRD NEWS,7
83,WEIRD NEWS,2
84,WEIRD NEWS,2
85,WEIRD NEWS,9
86,WEIRD NEWS,7
87,WEIRD NEWS,1
88,WEIRD NEWS,4
89,WEIRD NEWS,1
90,WEIRD NEWS,5
91,WEIRD NEWS,1
92,WEIRD NEWS,7
93,WEIRD NEWS,5
94,WEIRD NEWS,3
95,WEIRD NEWS,5
96,WEIRD NEWS,9
97,WEIRD NEWS,6
98,WEIRD NEWS,5
99,WEIRD NEWS,0
1,CULTURE & ARTS,4
2,CULTURE & ARTS,5
3,CULTURE & ARTS,6
4,CULTURE & ARTS,5
5,CULTURE & ARTS,7
6,CULTURE & ARTS,0
7,CULTURE & ARTS,6
8,CULTURE & ARTS,8
9,CULTURE & ARTS,5
10,CULTURE & ARTS,8
11,CULTURE & ARTS,4
12,CULTURE & ARTS,2
13,CULTURE & ARTS,6
14,CULTURE & ARTS,2
15,CULTURE & ARTS,8
16,CULTURE & ARTS,9
17,CULTURE & ARTS,0
18,CULTURE & ARTS,0
19,CULTURE & ARTS,2
20,CULTURE & ARTS,3
21,CULTURE & ARTS,3
22,CULTURE & ARTS,2
23,CULTURE & ARTS,0
24,CULTURE & ARTS,0
25,CULTURE & ARTS,0
26,CULTURE & ARTS,6
27,CULTURE & ARTS,6
28,CULTURE & ARTS,6
29,CULTURE & ARTS,0
30,CULTURE & ARTS,2
31,CULTURE & ARTS,9
32,CULTURE & ARTS,3
33,CULTURE & ARTS,5
34,CULTURE & ARTS,9
35,CULTURE & ARTS,9
36,CULTURE & ARTS,3
37,CULTURE & ARTS,0
38,CULTURE & ARTS,2
39,CULTURE & ARTS,4
40,CULTURE & ARTS,9
41,CULTURE & ARTS,8
42,CULTURE & ARTS,5
43,CULTURE & ARTS,0
44,CULTURE & ARTS,7
45,CULTURE & ARTS,4
46,CULTURE & ARTS,1
47,CULTURE & ARTS,6
48,CULTURE & ARTS,9
49,CULTURE & ARTS,0
50,CULTURE & ARTS,6
51,CULTURE & ARTS,2
52,CULTURE & ARTS,9
53,CULTURE & ARTS,5
54,CULTURE & ARTS,1
55,CULTURE & ARTS,3
56,CULTURE & ARTS,5
57,CULTURE & ARTS,4
58,CULTURE & ARTS,9
59,CULTURE & ARTS,6
60,CULTURE & ARTS,9
61,CULTURE & ARTS,8
62,CULTURE & ARTS,8
63,CULTURE & ARTS,7
64,CULTURE & ARTS,7
65,CULTURE & ARTS,4
66,CULTURE & ARTS,3
67,CULTURE & ARTS,5
68,CULTURE & ARTS,1
69,CULTURE & ARTS,4
70,CULTURE & ARTS,7
71,CULTURE & ARTS,7
72,CULTURE & ARTS,7
73,CULTURE & ARTS,9
74,CULTURE & ARTS,7
75,CULTURE & ARTS,2
76,CULTURE & ARTS,2
77,CULTURE & ARTS,9
78,CULTURE & ARTS,8
79,CULTURE & ARTS,7
80,CULTURE & ARTS,9
81,CULTURE & ARTS,7
82,CULTURE & ARTS,9
83,CULTURE & ARTS,1
84,CULTURE & ARTS,3
85,CULTURE & ARTS,6
86,CULTURE & ARTS,9
87,CULTURE & ARTS,4
88,CULTURE & ARTS,0
89,CULTURE & ARTS,1
90,CULTURE & ARTS,9
91,CULTURE & ARTS,0
92,CULTURE & ARTS,4
93,CULTURE & ARTS,7
94,CULTURE & ARTS,0
95,CULTURE & ARTS,8
96,CULTURE & ARTS,7
97,CULTURE & ARTS,7
98,CULTURE & ARTS,6
99,CULTURE & ARTS,3
1,PARENTING,7
2,PARENTING,4
3,PARENTING,4
4,PARENTING,5
5,PARENTING,8
6,PARENTING,4
7,PARENTING,7
8,PARENTING,2
9,PARENTING,1
10,PARENTING,3
11,PARENTING,8
12,PARENTING,8
13,PARENTING,8
14,PARENTING,8
15,PARENTING,4
16,PARENTING,3
17,PARENTING,7
18,PARENTING,7
19,PARENTING,0
20,PARENTING,5
21,PARENTING,1
22,PARENTING,3
23,PARENTING,6
24,PARENTING,0
25,PARENTING,0
26,PARENTING,7
27,PARENTING,4
28,PARENTING,5
29,PARENTING,8
30,PARENTING,3
31,PARENTING,7
32,PARENTING,9
33,PARENTING,0
34,PARENTING,6
35,PARENTING,5
36,PARENTING,4
37,PARENTING,4
38,PARENTING,0
39,PARENTING,1
40,PARENTING,4
41,PARENTING,3
42,PARENTING,6
43,PARENTING,2
44,PARENTING,4
45,PARENTING,0
46,PARENTING,8
47,PARENTING,9
48,PARENTING,5
49,PARENTING,3
50,PARENTING,8
51,PARENTING,8
52,PARENTING,5
53,PARENTING,1
54,PARENTING,2
55,PARENTING,3
56,PARENTING,2
57,PARENTING,1
58,PARENTING,9
59,PARENTING,2
60,PARENTING,0
61,PARENTING,5
62,PARENTING,5
63,PARENTING,4
64,PARENTING,2
65,PARENTING,6
66,PARENTING,4
67,PARENTING,0
68,PARENTING,7
69,PARENTING,0
70,PARENTING,3
71,PARENTING,0
72,PARENTING,2
73,PARENTING,3
74,PARENTING,8
75,PARENTING,2
76,PARENTING,9
77,PARENTING,0
78,PARENTING,3
79,PARENTING,8
80,PARENTING,6
81,PARENTING,1
82,PARENTING,0
83,PARENTING,7
84,PARENTING,3
85,PARENTING,6
86,PARENTING,5
87,PARENTING,0
88,PARENTING,3
89,PARENTING,8
90,PARENTING,2
91,PARENTING,7
92,PARENTING,9
93,PARENTING,7
94,PARENTING,2
95,PARENTING,4
96,PARENTING,4
97,PARENTING,5
98,PARENTING,4
99,PARENTING,2
1,IMPACT,6
2,IMPACT,4
3,IMPACT,4
4,IMPACT,0
5,IMPACT,1
6,IMPACT,8
7,IMPACT,8
8,IMPACT,6
9,IMPACT,8
10,IMPACT,9
11,IMPACT,7
12,IMPACT,2
13,IMPACT,9
14,IMPACT,2
15,IMPACT,3
16,IMPACT,4
17,IMPACT,3
18,IMPACT,9
19,IMPACT,6
20,IMPACT,9
21,IMPACT,1
22,IMPACT,0
23,IMPACT,4
24,IMPACT,8
25,IMPACT,4
26,IMPACT,4
27,IMPACT,7
28,IMPACT,8
29,IMPACT,6
30,IMPACT,5
31,IMPACT,4
32,IMPACT,3
33,IMPACT,4
34,IMPACT,3
35,IMPACT,1
36,IMPACT,5
37,IMPACT,5
38,IMPACT,9
39,IMPACT,0
40,IMPACT,5
41,IMPACT,6
42,IMPACT,9
43,IMPACT,3
44,IMPACT,9
45,IMPACT,0
46,IMPACT,7
47,IMPACT,0
48,IMPACT,9
49,IMPACT,4
50,IMPACT,4
51,IMPACT,2
52,IMPACT,5
53,IMPACT,4
54,IMPACT,7
55,IMPACT,7
56,IMPACT,2
57,IMPACT,1
58,IMPACT,1
59,IMPACT,8
60,IMPACT,5
61,IMPACT,7
62,IMPACT,0
63,IMPACT,7
64,IMPACT,1
65,IMPACT,4
66,IMPACT,8
67,IMPACT,1
68,IMPACT,9
69,IMPACT,8
70,IMPACT,1
71,IMPACT,9
72,IMPACT,8
73,IMPACT,6
74,IMPACT,5
75,IMPACT,5
76,IMPACT,6
77,IMPACT,9
78,IMPACT,3
79,IMPACT,6
80,IMPACT,2
81,IMPACT,1
82,IMPACT,0
83,IMPACT,9
84,IMPACT,9
85,IMPACT,9
86,IMPACT,1
87,IMPACT,6
88,IMPACT,9
89,IMPACT,5
90,IMPACT,0
91,IMPACT,2
92,IMPACT,0
93,IMPACT,2
94,IMPACT,1
95,IMPACT,1
96,IMPACT,4
97,IMPACT,1
98,IMPACT,2
99,IMPACT,2
1,MONEY,7
2,MONEY,1
3,MONEY,0
4,MONEY,3
5,MONEY,2
6,MONEY,8
7,MONEY,0
8,MONEY,7
9,MONEY,6
10,MONEY,1
11,MONEY,3
12,MONEY,5
13,MONEY,1
14,MONEY,3
15,MONEY,7
16,MONEY,5
17,MONEY,2
18,MONEY,0
19,MONEY,2
20,MONEY,8
21,MONEY,7
22,MONEY,4
23,MONEY,5
24,MONEY,8
25,MONEY,6
26,MONEY,0
27,MONEY,2
28,MONEY,2
29,MONEY,1
30,MONEY,1
31,MONEY,4
32,MONEY,8
33,MONEY,6
34,MONEY,7
35,MONEY,9
36,MONEY,3
37,MONEY,3
38,MONEY,7
39,MONEY,5
40,MONEY,3
41,MONEY,2
42,MONEY,8
43,MONEY,5
44,MONEY,0
45,MONEY,1
46,MONEY,6
47,MONEY,0
48,MONEY,9
49,MONEY,4
50,MONEY,7
51,MONEY,2
52,MONEY,9
53,MONEY,2
54,MONEY,0
55,MONEY,6
56,MONEY,2
57,MONEY,4
58,MONEY,3
59,MONEY,7
60,MONEY,9
61,MONEY,1
62,MONEY,8
63,MONEY,7
64,MONEY,6
65,MONEY,5
66,MONEY,0
67,MONEY,8
68,MONEY,5
69,MONEY,6
70,MONEY,5
71,MONEY,9
72,MONEY,1
73,MONEY,8
74,MONEY,0
75,MONEY,4
76,MONEY,1
77,MONEY,5
78,MONEY,6
79,MONEY,8
80,MONEY,7
81,MONEY,8
82,MONEY,1
83,MONEY,9
84,MONEY,8
85,MONEY,5
86,MONEY,8
87,MONEY,7
88,MONEY,6
89,MONEY,2
90,MONEY,1
91,MONEY,2
92,MONEY,8
93,MONEY,4
94,MONEY,9
95,MONEY,8
96,MONEY,5
97,MONEY,3
98,MONEY,3
99,MONEY,0
1,TASTE,3
2,TASTE,3
3,TASTE,7
4,TASTE,3
5,TASTE,8
6,TASTE,5
7,TASTE,0
8,TASTE,0
9,TASTE,2
10,TASTE,2
11,TASTE,4
12,TASTE,7
13,TASTE,4
14,TASTE,3
15,TASTE,4
16,TASTE,1
17,TASTE,4
18,TASTE,1
19,TASTE,2
20,TASTE,0
21,TASTE,9
22,TASTE,7
23,TASTE,9
24,TASTE,8
25,TASTE,8
26,TASTE,1
27,TASTE,2
28,TASTE,4
29,TASTE,0
30,TASTE,4
31,TASTE,8
32,TASTE,1
33,TASTE,2
34,TASTE,0
35,TASTE,2
36,TASTE,4
37,TASTE,3
38,TASTE,6
39,TASTE,2
40,TASTE,8
41,TASTE,1
42,TASTE,6
43,TASTE,6
44,TASTE,3
45,TASTE,8
46,TASTE,8
47,TASTE,7
48,TASTE,0
49,TASTE,8
50,TASTE,6
51,TASTE,8
52,TASTE,2
53,TASTE,6
54,TASTE,1
55,TASTE,3
56,TASTE,0
57,TASTE,8
58,TASTE,7
59,TASTE,7
60,TASTE,9
61,TASTE,8
62,TASTE,0
63,TASTE,7
64,TASTE,0
65,TASTE,2
66,TASTE,6
67,TASTE,3
68,TASTE,4
69,TASTE,5
70,TASTE,6
71,TASTE,3
72,TASTE,2
73,TASTE,9
74,TASTE,5
75,TASTE,1
76,TASTE,9
77,TASTE,5
78,TASTE,4
79,TASTE,3
80,TASTE,8
81,TASTE,2
82,TASTE,5
83,TASTE,4
84,TASTE,1
85,TASTE,5
86,TASTE,6
87,TASTE,9
88,TASTE,0
89,TASTE,6
90,TASTE,9
91,TASTE,4
92,TASTE,9
93,TASTE,4
94,TASTE,3
95,TASTE,9
96,TASTE,3
97,TASTE,9
98,TASTE,2
99,TASTE,0
1,RELIGION,3
2,RELIGION,1
3,RELIGION,6
4,RELIGION,3
5,RELIGION,5
6,RELIGION,2
7,RELIGION,3
8,RELIGION,6
9,RELIGION,0
10,RELIGION,5
11,RELIGION,7
12,RELIGION,6
13,RELIGION,3
14,RELIGION,3
15,RELIGION,8
16,RELIGION,5
17,RELIGION,3
18,RELIGION,9
19,RELIGION,0
20,RELIGION,4
21,RELIGION,9
22,RELIGION,4
23,RELIGION,5
24,RELIGION,4
25,RELIGION,0
26,RELIGION,8
27,RELIGION,1
28,RELIGION,5
29,RELIGION,1
30,RELIGION,1
31,RELIGION,4
32,RELIGION,6
33,RELIGION,4
34,RELIGION,7
35,RELIGION,7
36,RELIGION,6
37,RELIGION,0
38,RELIGION,2
39,RELIGION,7
40,RELIGION,9
41,RELIGION,7
42,RELIGION,2
43,RELIGION,7
44,RELIGION,8
45,RELIGION,3
46,RELIGION,0
47,RELIGION,1
48,RELIGION,7
49,RELIGION,1
50,RELIGION,8
51,RELIGION,4
52,RELIGION,7
53,RELIGION,2
54,RELIGION,3
55,RELIGION,1
56,RELIGION,6
57,RELIGION,8
58,RELIGION,8
59,RELIGION,7
60,RELIGION,0
61,RELIGION,6
62,RELIGION,1
63,RELIGION,6
64,RELIGION,2
65,RELIGION,9
66,RELIGION,5
67,RELIGION,8
68,RELIGION,9
69,RELIGION,6
70,RELIGION,3
71,RELIGION,1
72,RELIGION,1
73,RELIGION,7
74,RELIGION,6
75,RELIGION,9
76,RELIGION,1
77,RELIGION,6
78,RELIGION,6
79,RELIGION,8
80,RELIGION,3
81,RELIGION,9
82,RELIGION,5
83,RELIGION,6
84,RELIGION,9
85,RELIGION,9
86,RELIGION,9
87,RELIGION,9
88,RELIGION,5
89,RELIGION,0
90,RELIGION,5
91,RELIGION,5
92,RELIGION,2
93,RELIGION,4
94,RELIGION,9
95,RELIGION,0
96,RELIGION,1
97,RELIGION,6
98,RELIGION,0
99,RELIGION,1
1,THE WORLDPOST,6
2,THE WORLDPOST,0
3,THE WORLDPOST,4
4,THE WORLDPOST,0
5,THE WORLDPOST,8
6,THE WORLDPOST,2
7,THE WORLDPOST,4
8,THE WORLDPOST,6
9,THE WORLDPOST,7
10,THE WORLDPOST,8
11,THE WORLDPOST,4
12,THE WORLDPOST,9
13,THE WORLDPOST,6
14,THE WORLDPOST,7
15,THE WORLDPOST,6
16,THE WORLDPOST,1
17,THE WORLDPOST,9
18,THE WORLDPOST,4
19,THE WORLDPOST,1
20,THE WORLDPOST,8
21,THE WORLDPOST,7
22,THE WORLDPOST,3
23,THE WORLDPOST,6
24,THE WORLDPOST,8
25,THE WORLDPOST,9
26,THE WORLDPOST,0
27,THE WORLDPOST,8
28,THE WORLDPOST,8
29,THE WORLDPOST,6
30,THE WORLDPOST,2
31,THE WORLDPOST,1
32,THE WORLDPOST,3
33,THE WORLDPOST,3
34,THE WORLDPOST,8
35,THE WORLDPOST,5
36,THE WORLDPOST,9
37,THE WORLDPOST,0
38,THE WORLDPOST,4
39,THE WORLDPOST,3
40,THE WORLDPOST,0
41,THE WORLDPOST,9
42,THE WORLDPOST,7
43,THE WORLDPOST,5
44,THE WORLDPOST,0
45,THE WORLDPOST,8
46,THE WORLDPOST,3
47,THE WORLDPOST,0
48,THE WORLDPOST,1
49,THE WORLDPOST,7
50,THE WORLDPOST,0
51,THE WORLDPOST,0
52,THE WORLDPOST,0
53,THE WORLDPOST,6
54,THE WORLDPOST,7
55,THE WORLDPOST,1
56,THE WORLDPOST,4
57,THE WORLDPOST,9
58,THE WORLDPOST,3
59,THE WORLDPOST,7
60,THE WORLDPOST,6
61,THE WORLDPOST,9
62,THE WORLDPOST,3
63,THE WORLDPOST,7
64,THE WORLDPOST,7
65,THE WORLDPOST,3
66,THE WORLDPOST,7
67,THE WORLDPOST,9
68,THE WORLDPOST,8
69,THE WORLDPOST,5
70,THE WORLDPOST,5
71,THE WORLDPOST,9
72,THE WORLDPOST,3
73,THE WORLDPOST,6
74,THE WORLDPOST,6
75,THE WORLDPOST,7
76,THE WORLDPOST,3
77,THE WORLDPOST,0
78,THE WORLDPOST,8
79,THE WORLDPOST,5
80,THE WORLDPOST,5
81,THE WORLDPOST,6
82,THE WORLDPOST,6
83,THE WORLDPOST,6
84,THE WORLDPOST,4
85,THE WORLDPOST,4
86,THE WORLDPOST,5
87,THE WORLDPOST,6
88,THE WORLDPOST,1
89,THE WORLDPOST,9
90,THE WORLDPOST,7
91,THE WORLDPOST,0
92,THE WORLDPOST,7
93,THE WORLDPOST,1
94,THE WORLDPOST,2
95,THE WORLDPOST,6
96,THE WORLDPOST,2
97,THE WORLDPOST,0
98,THE WORLDPOST,6
99,THE WORLDPOST,7
1,DIVORCE,0
2,DIVORCE,0
3,DIVORCE,8
4,DIVORCE,6
5,DIVORCE,2
6,DIVORCE,0
7,DIVORCE,9
8,DIVORCE,6
9,DIVORCE,0
10,DIVORCE,9
11,DIVORCE,6
12,DIVORCE,8
13,DIVORCE,8
14,DIVORCE,6
15,DIVORCE,9
16,DIVORCE,6
17,DIVORCE,3
18,DIVORCE,6
19,DIVORCE,2
20,DIVORCE,4
21,DIVORCE,0
22,DIVORCE,8
23,DIVORCE,7
24,DIVORCE,0
25,DIVORCE,7
26,DIVORCE,3
27,DIVORCE,2
28,DIVORCE,1
29,DIVORCE,1
30,DIVORCE,9
31,DIVORCE,9
32,DIVORCE,8
33,DIVORCE,4
34,DIVORCE,6
35,DIVORCE,9
36,DIVORCE,6
37,DIVORCE,9
38,DIVORCE,5
39,DIVORCE,9
40,DIVORCE,7
41,DIVORCE,2
42,DIVORCE,3
43,DIVORCE,0
44,DIVORCE,9
45,DIVORCE,0
46,DIVORCE,4
47,DIVORCE,4
48,DIVORCE,1
49,DIVORCE,9
50,DIVORCE,5
51,DIVORCE,7
52,DIVORCE,8
53,DIVORCE,8
54,DIVORCE,9
55,DIVORCE,8
56,DIVORCE,5
57,DIVORCE,2
58,DIVORCE,1
59,DIVORCE,2
60,DIVORCE,0
61,DIVORCE,9
62,DIVORCE,4
63,DIVORCE,9
64,DIVORCE,7
65,DIVORCE,9
66,DIVORCE,2
67,DIVORCE,6
68,DIVORCE,6
69,DIVORCE,1
70,DIVORCE,1
71,DIVORCE,9
72,DIVORCE,5
73,DIVORCE,8
74,DIVORCE,9
75,DIVORCE,4
76,DIVORCE,0
77,DIVORCE,5
78,DIVORCE,1
79,DIVORCE,2
80,DIVORCE,2
81,DIVORCE,3
82,DIVORCE,6
83,DIVORCE,3
84,DIVORCE,6
85,DIVORCE,3
86,DIVORCE,8
87,DIVORCE,3
88,DIVORCE,2
89,DIVORCE,7
90,DIVORCE,7
91,DIVORCE,4
92,DIVORCE,3
93,DIVORCE,6
94,DIVORCE,4
95,DIVORCE,9
96,DIVORCE,2
97,DIVORCE,4
98,DIVORCE,5
99,DIVORCE,8
1,BUSINESS,2
2,BUSINESS,3
3,BUSINESS,0
4,BUSINESS,2
5,BUSINESS,3
6,BUSINESS,8
7,BUSINESS,2
8,BUSINESS,4
9,BUSINESS,6
10,BUSINESS,6
11,BUSINESS,9
12,BUSINESS,2
13,BUSINESS,3
14,BUSINESS,2
15,BUSINESS,0
16,BUSINESS,6
17,BUSINESS,0
18,BUSINESS,8
19,BUSINESS,8
20,BUSINESS,6
21,BUSINESS,5
22,BUSINESS,4
23,BUSINESS,4
24,BUSINESS,2
25,BUSINESS,0
26,BUSINESS,4
27,BUSINESS,1
28,BUSINESS,8
29,BUSINESS,3
30,BUSINESS,5
31,BUSINESS,0
32,BUSINESS,4
33,BUSINESS,5
34,BUSINESS,0
35,BUSINESS,0
36,BUSINESS,9
37,BUSINESS,8
38,BUSINESS,8
39,BUSINESS,4
40,BUSINESS,5
41,BUSINESS,4
42,BUSINESS,6
43,BUSINESS,5
44,BUSINESS,6
45,BUSINESS,2
46,BUSINESS,3
47,BUSINESS,4
48,BUSINESS,1
49,BUSINESS,5
50,BUSINESS,7
51,BUSINESS,6
52,BUSINESS,3
53,BUSINESS,7
54,BUSINESS,4
55,BUSINESS,8
56,BUSINESS,0
57,BUSINESS,4
58,BUSINESS,7
59,BUSINESS,7
60,BUSINESS,6
61,BUSINESS,6
62,BUSINESS,1
63,BUSINESS,4
64,BUSINESS,4
65,BUSINESS,2
66,BUSINESS,0
67,BUSINESS,9
68,BUSINESS,6
69,BUSINESS,1
70,BUSINESS,4
71,BUSINESS,7
72,BUSINESS,6
73,BUSINESS,0
74,BUSINESS,2
75,BUSINESS,8
76,BUSINESS,0
77,BUSINESS,7
78,BUSINESS,0
79,BUSINESS,4
80,BUSINESS,2
81,BUSINESS,3
82,BUSINESS,2
83,BUSINESS,8
84,BUSINESS,1
85,BUSINESS,4
86,BUSINESS,5
87,BUSINESS,0
88,BUSINESS,8
89,BUSINESS,0
90,BUSINESS,6
91,BUSINESS,9
92,BUSINESS,2
93,BUSINESS,0
94,BUSINESS,1
95,BUSINESS,4
96,BUSINESS,2
97,BUSINESS,1
98,BUSINESS,0
99,BUSINESS,9
1,EDUCATION,6
2,EDUCATION,8
3,EDUCATION,1
4,EDUCATION,5
5,EDUCATION,5
6,EDUCATION,7
7,EDUCATION,3
8,EDUCATION,6
9,EDUCATION,9
10,EDUCATION,8
11,EDUCATION,1
12,EDUCATION,3
13,EDUCATION,1
14,EDUCATION,1
15,EDUCATION,6
16,EDUCATION,3
17,EDUCATION,5
18,EDUCATION,2
19,EDUCATION,6
20,EDUCATION,0
21,EDUCATION,8
22,EDUCATION,7
23,EDUCATION,8
24,EDUCATION,1
25,EDUCATION,6
26,EDUCATION,2
27,EDUCATION,1
28,EDUCATION,8
29,EDUCATION,9
30,EDUCATION,3
31,EDUCATION,7
32,EDUCATION,1
33,EDUCATION,2
34,EDUCATION,7
35,EDUCATION,1
36,EDUCATION,5
37,EDUCATION,7
38,EDUCATION,9
39,EDUCATION,9
40,EDUCATION,8
41,EDUCATION,1
42,EDUCATION,6
43,EDUCATION,4
44,EDUCATION,2
45,EDUCATION,7
46,EDUCATION,0
47,EDUCATION,3
48,EDUCATION,6
49,EDUCATION,3
50,EDUCATION,0
51,EDUCATION,2
52,EDUCATION,3
53,EDUCATION,2
54,EDUCATION,0
55,EDUCATION,3
56,EDUCATION,1
57,EDUCATION,6
58,EDUCATION,0
59,EDUCATION,6
60,EDUCATION,7
61,EDUCATION,0
62,EDUCATION,7
63,EDUCATION,7
64,EDUCATION,5
65,EDUCATION,3
66,EDUCATION,9
67,EDUCATION,3
68,EDUCATION,9
69,EDUCATION,5
70,EDUCATION,3
71,EDUCATION,0
72,EDUCATION,2
73,EDUCATION,4
74,EDUCATION,9
75,EDUCATION,8
76,EDUCATION,0
77,EDUCATION,9
78,EDUCATION,5
79,EDUCATION,7
80,EDUCATION,9
81,EDUCATION,3
82,EDUCATION,7
83,EDUCATION,5
84,EDUCATION,7
85,EDUCATION,5
86,EDUCATION,9
87,EDUCATION,2
88,EDUCATION,4
89,EDUCATION,8
90,EDUCATION,2
91,EDUCATION,7
92,EDUCATION,6
93,EDUCATION,3
94,EDUCATION,0
95,EDUCATION,4
96,EDUCATION,8
97,EDUCATION,6
98,EDUCATION,9
99,EDUCATION,8
1,HEALTHY LIVING,0
2,HEALTHY LIVING,5
3,HEALTHY LIVING,0
4,HEALTHY LIVING,0
5,HEALTHY LIVING,3
6,HEALTHY LIVING,7
7,HEALTHY LIVING,8
8,HEALTHY LIVING,2
9,HEALTHY LIVING,6
10,HEALTHY LIVING,3
11,HEALTHY LIVING,8
12,HEALTHY LIVING,1
13,HEALTHY LIVING,8
14,HEALTHY LIVING,3
15,HEALTHY LIVING,0
16,HEALTHY LIVING,6
17,HEALTHY LIVING,6
18,HEALTHY LIVING,0
19,HEALTHY LIVING,0
20,HEALTHY LIVING,8
21,HEALTHY LIVING,4
22,HEALTHY LIVING,5
23,HEALTHY LIVING,0
24,HEALTHY LIVING,8
25,HEALTHY LIVING,7
26,HEALTHY LIVING,4
27,HEALTHY LIVING,6
28,HEALTHY LIVING,6
29,HEALTHY LIVING,3
30,HEALTHY LIVING,9
31,HEALTHY LIVING,6
32,HEALTHY LIVING,3
33,HEALTHY LIVING,0
34,HEALTHY LIVING,4
35,HEALTHY LIVING,8
36,HEALTHY LIVING,1
37,HEALTHY LIVING,8
38,HEALTHY LIVING,6
39,HEALTHY LIVING,0
40,HEALTHY LIVING,8
41,HEALTHY LIVING,0
42,HEALTHY LIVING,7
43,HEALTHY LIVING,5
44,HEALTHY LIVING,9
45,HEALTHY LIVING,1
46,HEALTHY LIVING,6
47,HEALTHY LIVING,4
48,HEALTHY LIVING,8
49,HEALTHY LIVING,5
50,HEALTHY LIVING,3
51,HEALTHY LIVING,8
52,HEALTHY LIVING,3
53,HEALTHY LIVING,8
54,HEALTHY LIVING,9
55,HEALTHY LIVING,9
56,HEALTHY LIVING,7
57,HEALTHY LIVING,3
58,HEALTHY LIVING,1
59,HEALTHY LIVING,2
60,HEALTHY LIVING,7
61,HEALTHY LIVING,2
62,HEALTHY LIVING,8
63,HEALTHY LIVING,3
64,HEALTHY LIVING,0
65,HEALTHY LIVING,2
66,HEALTHY LIVING,9
67,HEALTHY LIVING,5
68,HEALTHY LIVING,2
69,HEALTHY LIVING,7
70,HEALTHY LIVING,0
71,HEALTHY LIVING,6
72,HEALTHY LIVING,5
73,HEALTHY LIVING,3
74,HEALTHY LIVING,4
75,HEALTHY LIVING,0
76,HEALTHY LIVING,1
77,HEALTHY LIVING,8
78,HEALTHY LIVING,9
79,HEALTHY LIVING,8
80,HEALTHY LIVING,4
81,HEALTHY LIVING,6
82,HEALTHY LIVING,6
83,HEALTHY LIVING,5
84,HEALTHY LIVING,4
85,HEALTHY LIVING,7
86,HEALTHY LIVING,5
87,HEALTHY LIVING,2
88,HEALTHY LIVING,1
89,HEALTHY LIVING,2
90,HEALTHY LIVING,4
91,HEALTHY LIVING,8
92,HEALTHY LIVING,4
93,HEALTHY LIVING,0
94,HEALTHY LIVING,9
95,HEALTHY LIVING,0
96,HEALTHY LIVING,5
97,HEALTHY LIVING,1
98,HEALTHY LIVING,3
99,HEALTHY LIVING,1
1,COLLEGE,5
2,COLLEGE,4
3,COLLEGE,4
4,COLLEGE,9
5,COLLEGE,5
6,COLLEGE,8
7,COLLEGE,3
8,COLLEGE,3
9,COLLEGE,0
10,COLLEGE,3
11,COLLEGE,8
12,COLLEGE,4
13,COLLEGE,8
14,COLLEGE,6
15,COLLEGE,4
16,COLLEGE,1
17,COLLEGE,3
18,COLLEGE,6
19,COLLEGE,1
20,COLLEGE,7
21,COLLEGE,0
22,COLLEGE,2
23,COLLEGE,1
24,COLLEGE,0
25,COLLEGE,5
26,COLLEGE,7
27,COLLEGE,0
28,COLLEGE,7
29,COLLEGE,4
30,COLLEGE,3
31,COLLEGE,6
32,COLLEGE,6
33,COLLEGE,7
34,COLLEGE,3
35,COLLEGE,6
36,COLLEGE,7
37,COLLEGE,5
38,COLLEGE,8
39,COLLEGE,1
40,COLLEGE,8
41,COLLEGE,5
42,COLLEGE,9
43,COLLEGE,4
44,COLLEGE,0
45,COLLEGE,6
46,COLLEGE,7
47,COLLEGE,3
48,COLLEGE,5
49,COLLEGE,0
50,COLLEGE,2
51,COLLEGE,2
52,COLLEGE,1
53,COLLEGE,2
54,COLLEGE,0
55,COLLEGE,9
56,COLLEGE,4
57,COLLEGE,0
58,COLLEGE,0
59,COLLEGE,4
60,COLLEGE,5
61,COLLEGE,3
62,COLLEGE,3
63,COLLEGE,4
64,COLLEGE,7
65,COLLEGE,6
66,COLLEGE,5
67,COLLEGE,1
68,COLLEGE,2
69,COLLEGE,9
70,COLLEGE,7
71,COLLEGE,3
72,COLLEGE,3
73,COLLEGE,1
74,COLLEGE,2
75,COLLEGE,1
76,COLLEGE,3
77,COLLEGE,4
78,COLLEGE,1
79,COLLEGE,0
80,COLLEGE,5
81,COLLEGE,8
82,COLLEGE,4
83,COLLEGE,9
84,COLLEGE,0
85,COLLEGE,5
86,COLLEGE,1
87,COLLEGE,5
88,COLLEGE,7
89,COLLEGE,0
90,COLLEGE,3
91,COLLEGE,1
92,COLLEGE,3
93,COLLEGE,4
94,COLLEGE,8
95,COLLEGE,5
96,COLLEGE,2
97,COLLEGE,9
98,COLLEGE,2
99,COLLEGE,0
1,ENTERTAINMENT,1
2,ENTERTAINMENT,1
3,ENTERTAINMENT,0
4,ENTERTAINMENT,3
5,ENTERTAINMENT,6
6,ENTERTAINMENT,0
7,ENTERTAINMENT,8
8,ENTERTAINMENT,2
9,ENTERTAINMENT,2
10,ENTERTAINMENT,5
11,ENTERTAINMENT,6
12,ENTERTAINMENT,9
13,ENTERTAINMENT,8
14,ENTERTAINMENT,3
15,ENTERTAINMENT,3
16,ENTERTAINMENT,5
17,ENTERTAINMENT,5
18,ENTERTAINMENT,7
19,ENTERTAINMENT,8
20,ENTERTAINMENT,4
21,ENTERTAINMENT,4
22,ENTERTAINMENT,4
23,ENTERTAINMENT,0
24,ENTERTAINMENT,6
25,ENTERTAINMENT,7
26,ENTERTAINMENT,8
27,ENTERTAINMENT,6
28,ENTERTAINMENT,2
29,ENTERTAINMENT,4
30,ENTERTAINMENT,8
31,ENTERTAINMENT,0
32,ENTERTAINMENT,4
33,ENTERTAINMENT,9
34,ENTERTAINMENT,1
35,ENTERTAINMENT,2
36,ENTERTAINMENT,8
37,ENTERTAINMENT,9
38,ENTERTAINMENT,0
39,ENTERTAINMENT,4
40,ENTERTAINMENT,1
41,ENTERTAINMENT,4
42,ENTERTAINMENT,4
43,ENTERTAINMENT,3
44,ENTERTAINMENT,8
45,ENTERTAINMENT,2
46,ENTERTAINMENT,4
47,ENTERTAINMENT,7
48,ENTERTAINMENT,2
49,ENTERTAINMENT,0
50,ENTERTAINMENT,6
51,ENTERTAINMENT,1
52,ENTERTAINMENT,3
53,ENTERTAINMENT,8
54,ENTERTAINMENT,2
55,ENTERTAINMENT,1
56,ENTERTAINMENT,7
57,ENTERTAINMENT,8
58,ENTERTAINMENT,9
59,ENTERTAINMENT,9
60,ENTERTAINMENT,1
61,ENTERTAINMENT,3
62,ENTERTAINMENT,2
63,ENTERTAINMENT,8
64,ENTERTAINMENT,8
65,ENTERTAINMENT,5
66,ENTERTAINMENT,4
67,ENTERTAINMENT,2
68,ENTERTAINMENT,9
69,ENTERTAINMENT,5
70,ENTERTAINMENT,1
71,ENTERTAINMENT,9
72,ENTERTAINMENT,0
73,ENTERTAINMENT,4
74,ENTERTAINMENT,0
75,ENTERTAINMENT,3
76,ENTERTAINMENT,8
77,ENTERTAINMENT,1
78,ENTERTAINMENT,4
79,ENTERTAINMENT,0
80,ENTERTAINMENT,4
81,ENTERTAINMENT,3
82,ENTERTAINMENT,9
83,ENTERTAINMENT,9
84,ENTERTAINMENT,6
85,ENTERTAINMENT,6
86,ENTERTAINMENT,2
87,ENTERTAINMENT,0
88,ENTERTAINMENT,2
89,ENTERTAINMENT,8
90,ENTERTAINMENT,6
91,ENTERTAINMENT,5
92,ENTERTAINMENT,3
93,ENTERTAINMENT,5
94,ENTERTAINMENT,3
95,ENTERTAINMENT,5
96,ENTERTAINMENT,5
97,ENTERTAINMENT,1
98,ENTERTAINMENT,8
99,ENTERTAINMENT,8
1,POLITICS,2
2,POLITICS,5
3,POLITICS,3
4,POLITICS,7
5,POLITICS,6
6,POLITICS,9
7,POLITICS,8
8,POLITICS,6
9,POLITICS,3
10,POLITICS,8
11,POLITICS,5
12,POLITICS,5
13,POLITICS,8
14,POLITICS,1
15,POLITICS,5
16,POLITICS,6
17,POLITICS,5
18,POLITICS,7
19,POLITICS,3
20,POLITICS,9
21,POLITICS,6
22,POLITICS,9
23,POLITICS,4
24,POLITICS,7
25,POLITICS,2
26,POLITICS,3
27,POLITICS,3
28,POLITICS,2
29,POLITICS,4
30,POLITICS,2
31,POLITICS,1
32,POLITICS,6
33,POLITICS,6
34,POLITICS,2
35,POLITICS,2
36,POLITICS,6
37,POLITICS,7
38,POLITICS,9
39,POLITICS,0
40,POLITICS,6
41,POLITICS,0
42,POLITICS,0
43,POLITICS,5
44,POLITICS,6
45,POLITICS,0
46,POLITICS,8
47,POLITICS,4
48,POLITICS,6
49,POLITICS,1
50,POLITICS,6
51,POLITICS,7
52,POLITICS,7
53,POLITICS,1
54,POLITICS,6
55,POLITICS,2
56,POLITICS,9
57,POLITICS,0
58,POLITICS,2
59,POLITICS,8
60,POLITICS,0
61,POLITICS,3
62,POLITICS,9
63,POLITICS,6
64,POLITICS,5
65,POLITICS,8
66,POLITICS,0
67,POLITICS,5
68,POLITICS,9
69,POLITICS,9
70,POLITICS,9
71,POLITICS,8
72,POLITICS,1
73,POLITICS,8
74,POLITICS,0
75,POLITICS,2
76,POLITICS,8
77,POLITICS,8
78,POLITICS,7
79,POLITICS,7
80,POLITICS,8
81,POLITICS,5
82,POLITICS,4
83,POLITICS,8
84,POLITICS,0
85,POLITICS,0
86,POLITICS,3
87,POLITICS,2
88,POLITICS,5
89,POLITICS,4
90,POLITICS,9
91,POLITICS,2
92,POLITICS,4
93,POLITICS,8
94,POLITICS,6
95,POLITICS,7
96,POLITICS,7
97,POLITICS,8
98,POLITICS,6
99,POLITICS,0
1,FIFTY,5
2,FIFTY,4
3,FIFTY,1
4,FIFTY,3
5,FIFTY,0
6,FIFTY,9
7,FIFTY,6
8,FIFTY,9
9,FIFTY,1
10,FIFTY,3
11,FIFTY,7
12,FIFTY,2
13,FIFTY,5
14,FIFTY,0
15,FIFTY,9
16,FIFTY,5
17,FIFTY,9
18,FIFTY,0
19,FIFTY,8
20,FIFTY,7
21,FIFTY,8
22,FIFTY,3
23,FIFTY,0
24,FIFTY,5
25,FIFTY,8
26,FIFTY,7
27,FIFTY,7
28,FIFTY,9
29,FIFTY,0
30,FIFTY,9
31,FIFTY,7
32,FIFTY,3
33,FIFTY,2
34,FIFTY,4
35,FIFTY,5
36,FIFTY,2
37,FIFTY,5
38,FIFTY,3
39,FIFTY,0
40,FIFTY,4
41,FIFTY,5
42,FIFTY,4
43,FIFTY,1
44,FIFTY,3
45,FIFTY,9
46,FIFTY,2
47,FIFTY,0
48,FIFTY,3
49,FIFTY,1
50,FIFTY,9
51,FIFTY,3
52,FIFTY,0
53,FIFTY,6
54,FIFTY,4
55,FIFTY,8
56,FIFTY,7
57,FIFTY,7
58,FIFTY,6
59,FIFTY,9
60,FIFTY,8
61,FIFTY,3
62,FIFTY,4
63,FIFTY,0
64,FIFTY,2
65,FIFTY,0
66,FIFTY,7
67,FIFTY,1
68,FIFTY,6
69,FIFTY,5
70,FIFTY,5
71,FIFTY,8
72,FIFTY,1
73,FIFTY,3
74,FIFTY,1
75,FIFTY,7
76,FIFTY,9
77,FIFTY,8
78,FIFTY,6
79,FIFTY,1
80,FIFTY,8
81,FIFTY,8
82,FIFTY,9
83,FIFTY,7
84,FIFTY,9
85,FIFTY,5
86,FIFTY,4
87,FIFTY,0
88,FIFTY,3
89,FIFTY,4
90,FIFTY,9
91,FIFTY,0
92,FIFTY,2
93,FIFTY,6
94,FIFTY,9
95,FIFTY,2
96,FIFTY,3
97,FIFTY,1
98,FIFTY,9
99,FIFTY,5
1,QUEER VOICES,6
2,QUEER VOICES,1
3,QUEER VOICES,6
4,QUEER VOICES,8
5,QUEER VOICES,3
6,QUEER VOICES,6
7,QUEER VOICES,5
8,QUEER VOICES,9
9,QUEER VOICES,7
10,QUEER VOICES,0
11,QUEER VOICES,6
12,QUEER VOICES,2
13,QUEER VOICES,0
14,QUEER VOICES,4
15,QUEER VOICES,0
16,QUEER VOICES,4
17,QUEER VOICES,5
18,QUEER VOICES,6
19,QUEER VOICES,3
20,QUEER VOICES,3
21,QUEER VOICES,4
22,QUEER VOICES,1
23,QUEER VOICES,2
24,QUEER VOICES,0
25,QUEER VOICES,4
26,QUEER VOICES,3
27,QUEER VOICES,5
28,QUEER VOICES,8
29,QUEER VOICES,9
30,QUEER VOICES,7
31,QUEER VOICES,0
32,QUEER VOICES,9
33,QUEER VOICES,4
34,QUEER VOICES,9
35,QUEER VOICES,0
36,QUEER VOICES,8
37,QUEER VOICES,0
38,QUEER VOICES,5
39,QUEER VOICES,2
40,QUEER VOICES,4
41,QUEER VOICES,1
42,QUEER VOICES,1
43,QUEER VOICES,2
44,QUEER VOICES,6
45,QUEER VOICES,9
46,QUEER VOICES,1
47,QUEER VOICES,6
48,QUEER VOICES,8
49,QUEER VOICES,2
50,QUEER VOICES,5
51,QUEER VOICES,5
52,QUEER VOICES,9
53,QUEER VOICES,3
54,QUEER VOICES,9
55,QUEER VOICES,9
56,QUEER VOICES,6
57,QUEER VOICES,7
58,QUEER VOICES,7
59,QUEER VOICES,6
60,QUEER VOICES,5
61,QUEER VOICES,9
62,QUEER VOICES,7
63,QUEER VOICES,0
64,QUEER VOICES,1
65,QUEER VOICES,2
66,QUEER VOICES,4
67,QUEER VOICES,4
68,QUEER VOICES,0
69,QUEER VOICES,6
70,QUEER VOICES,0
71,QUEER VOICES,8
72,QUEER VOICES,4
73,QUEER VOICES,3
74,QUEER VOICES,3
75,QUEER VOICES,7
76,QUEER VOICES,1
77,QUEER VOICES,3
78,QUEER VOICES,5
79,QUEER VOICES,4
80,QUEER VOICES,5
81,QUEER VOICES,8
82,QUEER VOICES,0
83,QUEER VOICES,6
84,QUEER VOICES,1
85,QUEER VOICES,1
86,QUEER VOICES,9
87,QUEER VOICES,9
88,QUEER VOICES,6
89,QUEER VOICES,2
90,QUEER VOICES,0
91,QUEER VOICES,3
92,QUEER VOICES,1
93,QUEER VOICES,4
94,QUEER VOICES,1
95,QUEER VOICES,6
96,QUEER VOICES,7
97,QUEER VOICES,1
98,QUEER VOICES,8
99,QUEER VOICES,9
